2/01/1980,258.05,,2,3,4,5,6,7,253
4/01/1980,259.2,,2,3,4,5,6,7,259
14/01/1980,264.94,,2,3,4,5,6,7,265
24/01/1980,270.72,,2,3,4,5,6,7,271
4/02/1980,277.18,,2,3,4,5,6,7,277
14/02/1980,283.13,,2,3,4,5,6,7,283
24/02/1980,289.16,,2,3,4,5,6,7,289
5/03/1980,295.29,,2,3,4,5,6,7,295
14/03/1980,300.89,,2,3,4,5,6,7,301
24/03/1980,307.19,,2,3,4,5,6,7,307
2/04/1980,312.93,,2,3,4,5,6,7,313
11/04/1980,318.7,,2,3,4,5,6,7,319
21/04/1980,325.14,,2,3,4,5,6,7,325
30/04/1980,330.94,,2,3,4,5,6,7,331
9/05/1980,336.74,,2,3,4,5,6,7,337
19/05/1980,343.14,,2,3,4,5,6,7,343
28/05/1980,348.88,,2,3,4,5,6,7,349
7/06/1980,355.21,,2,3,4,5,6,7,355
16/06/1980,360.89,,2,3,4,5,6,7,361
26/06/1980,367.17,,2,3,4,5,6,7,367
5/07/1980,372.82,,2,3,4,5,6,7,373
15/07/1980,379.09,,2,3,4,5,6,7,379
24/07/1980,384.75,,2,3,4,5,6,7,385
3/08/1980,391.04,,2,3,4,5,6,7,391
12/08/1980,396.7,,2,3,4,5,6,7,397
22/08/1980,402.99,,2,3,4,5,6,7,403
1/09/1980,409.29,,2,3,4,5,6,7,409
10/09/1980,414.96,,2,3,4,5,6,7,415
20/09/1980,421.24,,2,3,4,5,6,7,421
29/09/1980,426.91,,2,3,4,5,6,7,427
9/10/1980,433.18,,2,3,4,5,6,7,433
18/10/1980,438.83,,2,3,4,5,6,7,439
28/10/1980,445.09,,2,3,4,5,6,7,445
6/11/1980,450.7,,2,3,4,5,6,7,451
16/11/1980,456.88,,2,3,4,5,6,7,457
26/11/1980,463.04,,2,3,4,5,6,7,463
6/12/1980,469.09,,2,3,4,5,6,7,469
16/12/1980,475.08,,2,3,4,5,6,7,475
26/12/1980,480.97,,2,3,4,5,6,7,481
5/01/1981,486.78,,2,3,4,5,6,7,487
16/01/1981,493.09,,2,3,4,5,6,7,493
26/01/1981,498.79,,2,3,4,5,6,7,499
6/02/1981,505.04,,2,3,4,5,6,7,505
16/02/1981,510.73,,2,3,4,5,6,7,511
27/02/1981,517.05,,2,3,4,5,6,7,517
9/03/1981,522.86,,2,3,4,5,6,7,523
19/03/1981,528.76,,2,3,4,5,6,7,529
29/03/1981,534.75,,2,3,4,5,6,7,535
8/04/1981,540.82,,2,3,4,5,6,7,541
18/04/1981,547,,2,3,4,5,6,7,547
28/04/1981,553.27,,2,3,4,5,6,7,553
7/05/1981,559.01,,2,3,4,5,6,7,559
16/05/1981,564.82,,2,3,4,5,6,7,565
25/05/1981,570.7,,2,3,4,5,6,7,571
4/06/1981,577.31,,2,3,4,5,6,7,577
13/06/1981,583.31,,2,3,4,5,6,7,583
21/06/1981,588.68,,2,3,4,5,6,7,589
30/06/1981,594.72,,2,3,4,5,6,7,595
9/07/1981,600.75,,2,3,4,5,6,7,601
18/07/1981,606.76,,2,3,4,5,6,7,607
27/07/1981,612.71,,2,3,4,5,6,7,613
6/08/1981,619.23,,2,3,4,5,6,7,619
15/08/1981,625,,2,3,4,5,6,7,625
24/08/1981,630.7,,2,3,4,5,6,7,631
3/09/1981,636.92,,2,3,4,5,6,7,637
13/09/1981,643.06,,2,3,4,5,6,7,643
23/09/1981,649.11,,2,3,4,5,6,7,649
3/10/1981,655.09,,2,3,4,5,6,7,655
13/10/1981,661.03,,2,3,4,5,6,7,661
23/10/1981,666.94,,2,3,4,5,6,7,667
2/11/1981,672.82,,2,3,4,5,6,7,673
13/11/1981,679.28,,2,3,4,5,6,7,679
23/11/1981,685.14,,2,3,4,5,6,7,685
3/12/1981,691.01,,2,3,4,5,6,7,691
13/12/1981,696.89,,2,3,4,5,6,7,697
23/12/1981,702.8,,2,3,4,5,6,7,703
2/01/1982,708.74,,2,3,4,5,6,7,709
12/01/1982,714.74,,2,3,4,5,6,7,715
22/01/1982,720.78,,2,3,4,5,6,7,721
1/02/1982,726.86,,2,3,4,5,6,7,727
11/02/1982,732.99,,2,3,4,5,6,7,733
21/02/1982,739.13,,2,3,4,5,6,7,739
3/03/1982,745.27,,2,3,4,5,6,7,745
12/03/1982,750.79,,2,3,4,5,6,7,751
22/03/1982,756.9,,2,3,4,5,6,7,757
1/04/1982,762.99,,2,3,4,5,6,7,763
11/04/1982,769.08,,2,3,4,5,6,7,769
21/04/1982,775.15,,2,3,4,5,6,7,775
1/05/1982,781.25,,2,3,4,5,6,7,781
10/05/1982,786.77,,2,3,4,5,6,7,787
20/05/1982,792.94,,2,3,4,5,6,7,793
30/05/1982,799.16,,2,3,4,5,6,7,799
8/06/1982,804.8,,2,3,4,5,6,7,805
18/06/1982,811.14,,2,3,4,5,6,7,811
27/06/1982,816.87,,2,3,4,5,6,7,817
7/07/1982,823.3,,2,3,4,5,6,7,823
16/07/1982,829.12,,2,3,4,5,6,7,829
25/07/1982,834.96,,2,3,4,5,6,7,835
3/08/1982,840.83,,2,3,4,5,6,7,841
12/08/1982,846.72,,2,3,4,5,6,7,847
22/08/1982,853.28,,2,3,4,5,6,7,853
31/08/1982,859.18,,2,3,4,5,6,7,859
9/09/1982,865.08,,2,3,4,5,6,7,865
18/09/1982,870.93,,2,3,4,5,6,7,871
27/09/1982,876.75,,2,3,4,5,6,7,877
7/10/1982,883.14,,2,3,4,5,6,7,883
16/10/1982,888.79,,2,3,4,5,6,7,889
26/10/1982,894.95,,2,3,4,5,6,7,895
5/11/1982,900.99,,2,3,4,5,6,7,901
15/11/1982,906.9,,2,3,4,5,6,7,907
26/11/1982,913.27,,2,3,4,5,6,7,913
6/12/1982,918.98,,2,3,4,5,6,7,919
17/12/1982,925.2,,2,3,4,5,6,7,925
27/12/1982,930.82,,2,3,4,5,6,7,931
7/01/1983,937.01,,2,3,4,5,6,7,937
18/01/1983,943.23,,2,3,4,5,6,7,943
28/01/1983,948.94,,2,3,4,5,6,7,949
7/02/1983,954.72,,2,3,4,5,6,7,955
18/02/1983,961.16,,2,3,4,5,6,7,961
28/02/1983,967.09,,2,3,4,5,6,7,967
10/03/1983,973.14,,2,3,4,5,6,7,973
20/03/1983,979.27,,2,3,4,5,6,7,979
29/03/1983,984.89,,2,3,4,5,6,7,985
8/04/1983,991.23,,2,3,4,5,6,7,991
17/04/1983,997.01,,2,3,4,5,6,7,997
26/04/1983,1002.86,,2,3,4,5,6,7,1003
5/05/1983,1008.75,,2,3,4,5,6,7,1009
15/05/1983,1015.32,,2,3,4,5,6,7,1015
24/05/1983,1021.24,,2,3,4,5,6,7,1021
2/06/1983,1027.14,,2,3,4,5,6,7,1027
11/06/1983,1033,,2,3,4,5,6,7,1033
20/06/1983,1038.82,,2,3,4,5,6,7,1039
30/06/1983,1045.23,,2,3,4,5,6,7,1045
9/07/1983,1050.95,,2,3,4,5,6,7,1051
19/07/1983,1057.26,,2,3,4,5,6,7,1057
28/07/1983,1062.9,,2,3,4,5,6,7,1063
7/08/1983,1069.14,,2,3,4,5,6,7,1069
16/08/1983,1074.74,,2,3,4,5,6,7,1075
26/08/1983,1080.94,,2,3,4,5,6,7,1081
5/09/1983,1087.13,,2,3,4,5,6,7,1087
15/09/1983,1093.31,,2,3,4,5,6,7,1093
24/09/1983,1098.86,,2,3,4,5,6,7,1099
4/10/1983,1105.01,,2,3,4,5,6,7,1105
14/10/1983,1111.15,,2,3,4,5,6,7,1111
24/10/1983,1117.29,,2,3,4,5,6,7,1117
2/11/1983,1122.8,,2,3,4,5,6,7,1123
12/11/1983,1128.93,,2,3,4,5,6,7,1129
22/11/1983,1135.05,,2,3,4,5,6,7,1135
2/12/1983,1141.17,,2,3,4,5,6,7,1141
12/12/1983,1147.27,,2,3,4,5,6,7,1147
21/12/1983,1152.73,,2,3,4,5,6,7,1153
31/12/1983,1158.76,,2,3,4,5,6,7,1159
10/01/1984,1164.74,,2,3,4,5,6,7,1165
21/01/1984,1171.25,,2,3,4,5,6,7,1171
31/01/1984,1177.1,,2,3,4,5,6,7,1177
10/02/1984,1182.91,,2,3,4,5,6,7,1183
21/02/1984,1189.27,,2,3,4,5,6,7,1189
2/03/1984,1195.06,,2,3,4,5,6,7,1195
12/03/1984,1200.87,,2,3,4,5,6,7,1201
22/03/1984,1206.73,,2,3,4,5,6,7,1207
2/04/1984,1213.26,,2,3,4,5,6,7,1213
12/04/1984,1219.28,,2,3,4,5,6,7,1219
21/04/1984,1224.78,,2,3,4,5,6,7,1225
1/05/1984,1230.96,,2,3,4,5,6,7,1231
11/05/1984,1237.24,,2,3,4,5,6,7,1237
20/05/1984,1242.97,,2,3,4,5,6,7,1243
29/05/1984,1248.75,,2,3,4,5,6,7,1249
8/06/1984,1255.26,,2,3,4,5,6,7,1255
17/06/1984,1261.18,,2,3,4,5,6,7,1261
26/06/1984,1267.15,,2,3,4,5,6,7,1267
5/07/1984,1273.16,,2,3,4,5,6,7,1273
14/07/1984,1279.2,,2,3,4,5,6,7,1279
23/07/1984,1285.24,,2,3,4,5,6,7,1285
1/08/1984,1291.26,,2,3,4,5,6,7,1291
10/08/1984,1297.24,,2,3,4,5,6,7,1297
19/08/1984,1303.16,,2,3,4,5,6,7,1303
28/08/1984,1308.99,,2,3,4,5,6,7,1309
6/09/1984,1314.72,,2,3,4,5,6,7,1315
16/09/1984,1320.99,,2,3,4,5,6,7,1321
26/09/1984,1327.12,,2,3,4,5,6,7,1327
6/10/1984,1333.16,,2,3,4,5,6,7,1333
16/10/1984,1339.08,,2,3,4,5,6,7,1339
26/10/1984,1344.94,,2,3,4,5,6,7,1345
5/11/1984,1350.76,,2,3,4,5,6,7,1351
16/11/1984,1357.11,,2,3,4,5,6,7,1357
26/11/1984,1362.86,,2,3,4,5,6,7,1363
7/12/1984,1369.2,,2,3,4,5,6,7,1369
17/12/1984,1374.96,,2,3,4,5,6,7,1375
27/12/1984,1380.75,,2,3,4,5,6,7,1381
7/01/1985,1387.17,,2,3,4,5,6,7,1387
17/01/1985,1393.06,,2,3,4,5,6,7,1393
27/01/1985,1399,,2,3,4,5,6,7,1399
6/02/1985,1405.04,,2,3,4,5,6,7,1405
16/02/1985,1411.13,,2,3,4,5,6,7,1411
26/02/1985,1417.31,,2,3,4,5,6,7,1417
7/03/1985,1422.92,,2,3,4,5,6,7,1423
17/03/1985,1429.18,,2,3,4,5,6,7,1429
26/03/1985,1434.84,,2,3,4,5,6,7,1435
5/04/1985,1441.13,,2,3,4,5,6,7,1441
14/04/1985,1446.77,,2,3,4,5,6,7,1447
24/04/1985,1453.04,,2,3,4,5,6,7,1453
4/05/1985,1459.28,,2,3,4,5,6,7,1459
13/05/1985,1464.88,,2,3,4,5,6,7,1465
23/05/1985,1471.08,,2,3,4,5,6,7,1471
2/06/1985,1477.31,,2,3,4,5,6,7,1477
11/06/1985,1482.93,,2,3,4,5,6,7,1483
21/06/1985,1489.19,,2,3,4,5,6,7,1489
30/06/1985,1494.86,,2,3,4,5,6,7,1495
10/07/1985,1501.2,,2,3,4,5,6,7,1501
19/07/1985,1506.91,,2,3,4,5,6,7,1507
29/07/1985,1513.3,,2,3,4,5,6,7,1513
7/08/1985,1519.05,,2,3,4,5,6,7,1519
16/08/1985,1524.82,,2,3,4,5,6,7,1525
26/08/1985,1531.25,,2,3,4,5,6,7,1531
4/09/1985,1537.05,,2,3,4,5,6,7,1537
13/09/1985,1542.83,,2,3,4,5,6,7,1543
23/09/1985,1549.26,,2,3,4,5,6,7,1549
2/10/1985,1555.04,,2,3,4,5,6,7,1555
11/10/1985,1560.78,,2,3,4,5,6,7,1561
21/10/1985,1567.12,,2,3,4,5,6,7,1567
30/10/1985,1572.75,,2,3,4,5,6,7,1573
9/11/1985,1578.93,,2,3,4,5,6,7,1579
19/11/1985,1585,,2,3,4,5,6,7,1585
29/11/1985,1590.95,,2,3,4,5,6,7,1591
9/12/1985,1596.79,,2,3,4,5,6,7,1597
20/12/1985,1603.11,,2,3,4,5,6,7,1603
30/12/1985,1608.78,,2,3,4,5,6,7,1609
10/01/1986,1614.98,,2,3,4,5,6,7,1615
21/01/1986,1621.16,,2,3,4,5,6,7,1621
31/01/1986,1626.81,,2,3,4,5,6,7,1627
11/02/1986,1633.08,,2,3,4,5,6,7,1633
21/02/1986,1638.86,,2,3,4,5,6,7,1639
3/03/1986,1644.71,,2,3,4,5,6,7,1645
14/03/1986,1651.25,,2,3,4,5,6,7,1651
24/03/1986,1657.3,,2,3,4,5,6,7,1657
2/04/1986,1662.83,,2,3,4,5,6,7,1663
12/04/1986,1669.08,,2,3,4,5,6,7,1669
21/04/1986,1674.8,,2,3,4,5,6,7,1675
1/05/1986,1681.24,,2,3,4,5,6,7,1681
10/05/1986,1687.11,,2,3,4,5,6,7,1687
19/05/1986,1693.05,,2,3,4,5,6,7,1693
28/05/1986,1699.04,,2,3,4,5,6,7,1699
6/06/1986,1705.04,,2,3,4,5,6,7,1705
15/06/1986,1711.04,,2,3,4,5,6,7,1711
24/06/1986,1717.02,,2,3,4,5,6,7,1717
3/07/1986,1722.95,,2,3,4,5,6,7,1723
12/07/1986,1728.81,,2,3,4,5,6,7,1729
22/07/1986,1735.26,,2,3,4,5,6,7,1735
31/07/1986,1740.99,,2,3,4,5,6,7,1741
10/08/1986,1747.28,,2,3,4,5,6,7,1747
19/08/1986,1752.89,,2,3,4,5,6,7,1753
29/08/1986,1759.06,,2,3,4,5,6,7,1759
8/09/1986,1765.17,,2,3,4,5,6,7,1765
18/09/1986,1771.26,,2,3,4,5,6,7,1771
27/09/1986,1776.72,,2,3,4,5,6,7,1777
7/10/1986,1782.75,,2,3,4,5,6,7,1783
17/10/1986,1788.77,,2,3,4,5,6,7,1789
27/10/1986,1794.78,,2,3,4,5,6,7,1795
6/11/1986,1800.77,,2,3,4,5,6,7,1801
16/11/1986,1806.76,,2,3,4,5,6,7,1807
26/11/1986,1812.76,,2,3,4,5,6,7,1813
6/12/1986,1818.76,,2,3,4,5,6,7,1819
16/12/1986,1824.79,,2,3,4,5,6,7,1825
26/12/1986,1830.83,,2,3,4,5,6,7,1831
5/01/1987,1836.89,,2,3,4,5,6,7,1837
15/01/1987,1842.96,,2,3,4,5,6,7,1843
25/01/1987,1849.01,,2,3,4,5,6,7,1849
4/02/1987,1855.04,,2,3,4,5,6,7,1855
14/02/1987,1861.03,,2,3,4,5,6,7,1861
24/02/1987,1867,,2,3,4,5,6,7,1867
6/03/1987,1872.93,,2,3,4,5,6,7,1873
16/03/1987,1878.85,,2,3,4,5,6,7,1879
26/03/1987,1884.78,,2,3,4,5,6,7,1885
5/04/1987,1890.72,,2,3,4,5,6,7,1891
15/04/1987,1896.71,,2,3,4,5,6,7,1897
25/04/1987,1902.77,,2,3,4,5,6,7,1903
5/05/1987,1908.89,,2,3,4,5,6,7,1909
15/05/1987,1915.09,,2,3,4,5,6,7,1915
24/05/1987,1920.73,,2,3,4,5,6,7,1921
3/06/1987,1927.08,,2,3,4,5,6,7,1927
12/06/1987,1932.84,,2,3,4,5,6,7,1933
22/06/1987,1939.31,,2,3,4,5,6,7,1939
1/07/1987,1945.18,,2,3,4,5,6,7,1945
10/07/1987,1951.1,,2,3,4,5,6,7,1951
19/07/1987,1957.04,,2,3,4,5,6,7,1957
28/07/1987,1963.02,,2,3,4,5,6,7,1963
6/08/1987,1969.01,,2,3,4,5,6,7,1969
15/08/1987,1975.01,,2,3,4,5,6,7,1975
24/08/1987,1980.97,,2,3,4,5,6,7,1981
2/09/1987,1986.89,,2,3,4,5,6,7,1987
11/09/1987,1992.75,,2,3,4,5,6,7,1993
21/09/1987,1999.15,,2,3,4,5,6,7,1999
30/09/1987,2004.81,,2,3,4,5,6,7,2005
10/10/1987,2010.98,,2,3,4,5,6,7,2011
20/10/1987,2017.02,,2,3,4,5,6,7,2017
30/10/1987,2022.93,,2,3,4,5,6,7,2023
9/11/1987,2028.76,,2,3,4,5,6,7,2029
20/11/1987,2035.08,,2,3,4,5,6,7,2035
30/11/1987,2040.77,,2,3,4,5,6,7,2041
11/12/1987,2047.01,,2,3,4,5,6,7,2047
22/12/1987,2053.25,,2,3,4,5,6,7,2053
1/01/1988,2058.95,,2,3,4,5,6,7,2059
12/01/1988,2065.25,,2,3,4,5,6,7,2065
22/01/1988,2071.04,,2,3,4,5,6,7,2071
1/02/1988,2076.9,,2,3,4,5,6,7,2077
11/02/1988,2082.81,,2,3,4,5,6,7,2083
21/02/1988,2088.82,,2,3,4,5,6,7,2089
2/03/1988,2094.93,,2,3,4,5,6,7,2095
12/03/1988,2101.13,,2,3,4,5,6,7,2101
21/03/1988,2106.78,,2,3,4,5,6,7,2107
31/03/1988,2113.14,,2,3,4,5,6,7,2113
9/04/1988,2118.91,,2,3,4,5,6,7,2119
18/04/1988,2124.7,,2,3,4,5,6,7,2125
28/04/1988,2131.14,,2,3,4,5,6,7,2131
7/05/1988,2136.93,,2,3,4,5,6,7,2137
16/05/1988,2142.69,,2,3,4,5,6,7,2143
26/05/1988,2149.06,,2,3,4,5,6,7,2149
4/06/1988,2154.77,,2,3,4,5,6,7,2155
14/06/1988,2161.07,,2,3,4,5,6,7,2161
23/06/1988,2166.73,,2,3,4,5,6,7,2167
3/07/1988,2173.01,,2,3,4,5,6,7,2173
13/07/1988,2179.29,,2,3,4,5,6,7,2179
22/07/1988,2184.94,,2,3,4,5,6,7,2185
1/08/1988,2191.23,,2,3,4,5,6,7,2191
10/08/1988,2196.9,,2,3,4,5,6,7,2197
20/08/1988,2203.19,,2,3,4,5,6,7,2203
29/08/1988,2208.87,,2,3,4,5,6,7,2209
8/09/1988,2215.17,,2,3,4,5,6,7,2215
17/09/1988,2220.84,,2,3,4,5,6,7,2221
27/09/1988,2227.13,,2,3,4,5,6,7,2227
6/10/1988,2232.79,,2,3,4,5,6,7,2233
16/10/1988,2239.06,,2,3,4,5,6,7,2239
25/10/1988,2244.71,,2,3,4,5,6,7,2245
4/11/1988,2250.95,,2,3,4,5,6,7,2251
14/11/1988,2257.16,,2,3,4,5,6,7,2257
23/11/1988,2262.7,,2,3,4,5,6,7,2263
3/12/1988,2268.78,,2,3,4,5,6,7,2269
13/12/1988,2274.78,,2,3,4,5,6,7,2275
24/12/1988,2281.28,,2,3,4,5,6,7,2281
3/01/1989,2287.1,,2,3,4,5,6,7,2287
13/01/1989,2292.85,,2,3,4,5,6,7,2293
24/01/1989,2299.12,,2,3,4,5,6,7,2299
3/02/1989,2304.8,,2,3,4,5,6,7,2305
14/02/1989,2311.05,,2,3,4,5,6,7,2311
24/02/1989,2316.78,,2,3,4,5,6,7,2317
7/03/1989,2323.16,,2,3,4,5,6,7,2323
17/03/1989,2329.04,,2,3,4,5,6,7,2329
27/03/1989,2335.01,,2,3,4,5,6,7,2335
6/04/1989,2341.07,,2,3,4,5,6,7,2341
16/04/1989,2347.23,,2,3,4,5,6,7,2347
25/04/1989,2352.86,,2,3,4,5,6,7,2353
5/05/1989,2359.2,,2,3,4,5,6,7,2359
14/05/1989,2365,,2,3,4,5,6,7,2365
23/05/1989,2370.87,,2,3,4,5,6,7,2371
1/06/1989,2376.81,,2,3,4,5,6,7,2377
10/06/1989,2382.79,,2,3,4,5,6,7,2383
19/06/1989,2388.83,,2,3,4,5,6,7,2389
28/06/1989,2394.87,,2,3,4,5,6,7,2395
7/07/1989,2400.91,,2,3,4,5,6,7,2401
16/07/1989,2406.91,,2,3,4,5,6,7,2407
25/07/1989,2412.86,,2,3,4,5,6,7,2413
3/08/1989,2418.75,,2,3,4,5,6,7,2419
13/08/1989,2425.2,,2,3,4,5,6,7,2425
22/08/1989,2430.9,,2,3,4,5,6,7,2431
1/09/1989,2437.14,,2,3,4,5,6,7,2437
11/09/1989,2443.29,,2,3,4,5,6,7,2443
20/09/1989,2448.76,,2,3,4,5,6,7,2449
30/09/1989,2454.76,,2,3,4,5,6,7,2455
10/10/1989,2460.71,,2,3,4,5,6,7,2461
21/10/1989,2467.22,,2,3,4,5,6,7,2467
31/10/1989,2473.12,,2,3,4,5,6,7,2473
10/11/1989,2478.99,,2,3,4,5,6,7,2479
20/11/1989,2484.85,,2,3,4,5,6,7,2485
30/11/1989,2490.73,,2,3,4,5,6,7,2491
11/12/1989,2497.19,,2,3,4,5,6,7,2497
21/12/1989,2503.1,,2,3,4,5,6,7,2503
31/12/1989,2509.04,,2,3,4,5,6,7,2509
10/01/1990,2515.03,,2,3,4,5,6,7,2515
20/01/1990,2521.07,,2,3,4,5,6,7,2521
30/01/1990,2527.15,,2,3,4,5,6,7,2527
9/02/1990,2533.26,,2,3,4,5,6,7,2533
18/02/1990,2538.79,,2,3,4,5,6,7,2539
28/02/1990,2544.92,,2,3,4,5,6,7,2545
10/03/1990,2551.05,,2,3,4,5,6,7,2551
20/03/1990,2557.16,,2,3,4,5,6,7,2557
30/03/1990,2563.25,,2,3,4,5,6,7,2563
8/04/1990,2568.71,,2,3,4,5,6,7,2569
18/04/1990,2574.8,,2,3,4,5,6,7,2575
28/04/1990,2580.88,,2,3,4,5,6,7,2581
8/05/1990,2586.99,,2,3,4,5,6,7,2587
18/05/1990,2593.16,,2,3,4,5,6,7,2593
27/05/1990,2598.75,,2,3,4,5,6,7,2599
6/06/1990,2605,,2,3,4,5,6,7,2605
15/06/1990,2610.69,,2,3,4,5,6,7,2611
25/06/1990,2617.06,,2,3,4,5,6,7,2617
4/07/1990,2622.83,,2,3,4,5,6,7,2623
14/07/1990,2629.29,,2,3,4,5,6,7,2629
23/07/1990,2635.14,,2,3,4,5,6,7,2635
1/08/1990,2641,,2,3,4,5,6,7,2641
10/08/1990,2646.89,,2,3,4,5,6,7,2647
19/08/1990,2652.8,,2,3,4,5,6,7,2653
28/08/1990,2658.7,,2,3,4,5,6,7,2659
7/09/1990,2665.26,,2,3,4,5,6,7,2665
16/09/1990,2671.13,,2,3,4,5,6,7,2671
25/09/1990,2676.95,,2,3,4,5,6,7,2677
4/10/1990,2682.72,,2,3,4,5,6,7,2683
14/10/1990,2689.02,,2,3,4,5,6,7,2689
24/10/1990,2695.2,,2,3,4,5,6,7,2695
3/11/1990,2701.26,,2,3,4,5,6,7,2701
13/11/1990,2707.19,,2,3,4,5,6,7,2707
23/11/1990,2713,,2,3,4,5,6,7,2713
3/12/1990,2718.74,,2,3,4,5,6,7,2719
14/12/1990,2724.97,,2,3,4,5,6,7,2725
25/12/1990,2731.15,,2,3,4,5,6,7,2731
4/01/1991,2736.79,,2,3,4,5,6,7,2737
15/01/1991,2743.01,,2,3,4,5,6,7,2743
26/01/1991,2749.27,,2,3,4,5,6,7,2749
5/02/1991,2755.03,,2,3,4,5,6,7,2755
15/02/1991,2760.87,,2,3,4,5,6,7,2761
25/02/1991,2766.78,,2,3,4,5,6,7,2767
7/03/1991,2772.8,,2,3,4,5,6,7,2773
17/03/1991,2778.91,,2,3,4,5,6,7,2779
27/03/1991,2785.12,,2,3,4,5,6,7,2785
5/04/1991,2790.81,,2,3,4,5,6,7,2791
15/04/1991,2797.21,,2,3,4,5,6,7,2797
24/04/1991,2803.05,,2,3,4,5,6,7,2803
3/05/1991,2808.93,,2,3,4,5,6,7,2809
12/05/1991,2814.84,,2,3,4,5,6,7,2815
21/05/1991,2820.75,,2,3,4,5,6,7,2821
31/05/1991,2827.31,,2,3,4,5,6,7,2827
9/06/1991,2833.18,,2,3,4,5,6,7,2833
18/06/1991,2839,,2,3,4,5,6,7,2839
27/06/1991,2844.78,,2,3,4,5,6,7,2845
7/07/1991,2851.15,,2,3,4,5,6,7,2851
16/07/1991,2856.82,,2,3,4,5,6,7,2857
26/07/1991,2863.1,,2,3,4,5,6,7,2863
4/08/1991,2868.73,,2,3,4,5,6,7,2869
14/08/1991,2874.95,,2,3,4,5,6,7,2875
24/08/1991,2881.15,,2,3,4,5,6,7,2881
2/09/1991,2886.73,,2,3,4,5,6,7,2887
12/09/1991,2892.92,,2,3,4,5,6,7,2893
22/09/1991,2899.1,,2,3,4,5,6,7,2899
2/10/1991,2905.26,,2,3,4,5,6,7,2905
11/10/1991,2910.79,,2,3,4,5,6,7,2911
21/10/1991,2916.93,,2,3,4,5,6,7,2917
31/10/1991,2923.06,,2,3,4,5,6,7,2923
10/11/1991,2929.19,,2,3,4,5,6,7,2929
19/11/1991,2934.71,,2,3,4,5,6,7,2935
29/11/1991,2940.83,,2,3,4,5,6,7,2941
9/12/1991,2946.93,,2,3,4,5,6,7,2947
19/12/1991,2953.01,,2,3,4,5,6,7,2953
29/12/1991,2959.06,,2,3,4,5,6,7,2959
8/01/1992,2965.04,,2,3,4,5,6,7,2965
18/01/1992,2970.96,,2,3,4,5,6,7,2971
28/01/1992,2976.82,,2,3,4,5,6,7,2977
8/02/1992,2983.22,,2,3,4,5,6,7,2983
18/02/1992,2989,,2,3,4,5,6,7,2989
28/02/1992,2994.78,,2,3,4,5,6,7,2995
10/03/1992,3001.16,,2,3,4,5,6,7,3001
20/03/1992,3007.01,,2,3,4,5,6,7,3007
30/03/1992,3012.94,,2,3,4,5,6,7,3013
9/04/1992,3018.93,,2,3,4,5,6,7,3019
19/04/1992,3025.01,,2,3,4,5,6,7,3025
29/04/1992,3031.19,,2,3,4,5,6,7,3031
8/05/1992,3036.82,,2,3,4,5,6,7,3037
18/05/1992,3043.16,,2,3,4,5,6,7,3043
27/05/1992,3048.94,,2,3,4,5,6,7,3049
5/06/1992,3054.79,,2,3,4,5,6,7,3055
14/06/1992,3060.68,,2,3,4,5,6,7,3061
24/06/1992,3067.31,,2,3,4,5,6,7,3067
3/07/1992,3073.32,,2,3,4,5,6,7,3073
11/07/1992,3078.68,,2,3,4,5,6,7,3079
20/07/1992,3084.73,,2,3,4,5,6,7,3085
29/07/1992,3090.75,,2,3,4,5,6,7,3091
7/08/1992,3096.74,,2,3,4,5,6,7,3097
16/08/1992,3102.68,,2,3,4,5,6,7,3103
26/08/1992,3109.18,,2,3,4,5,6,7,3109
4/09/1992,3114.93,,2,3,4,5,6,7,3115
14/09/1992,3121.21,,2,3,4,5,6,7,3121
23/09/1992,3126.75,,2,3,4,5,6,7,3127
3/10/1992,3132.81,,2,3,4,5,6,7,3133
13/10/1992,3138.76,,2,3,4,5,6,7,3139
24/10/1992,3145.23,,2,3,4,5,6,7,3145
3/11/1992,3151.05,,2,3,4,5,6,7,3151
13/11/1992,3156.83,,2,3,4,5,6,7,3157
24/11/1992,3163.17,,2,3,4,5,6,7,3163
4/12/1992,3168.93,,2,3,4,5,6,7,3169
15/12/1992,3175.27,,2,3,4,5,6,7,3175
25/12/1992,3181.07,,2,3,4,5,6,7,3181
4/01/1993,3186.88,,2,3,4,5,6,7,3187
14/01/1993,3192.77,,2,3,4,5,6,7,3193
24/01/1993,3198.71,,2,3,4,5,6,7,3199
3/02/1993,3204.71,,2,3,4,5,6,7,3205
13/02/1993,3210.8,,2,3,4,5,6,7,3211
23/02/1993,3216.95,,2,3,4,5,6,7,3217
5/03/1993,3223.16,,2,3,4,5,6,7,3223
14/03/1993,3228.79,,2,3,4,5,6,7,3229
24/03/1993,3235.07,,2,3,4,5,6,7,3235
2/04/1993,3240.73,,2,3,4,5,6,7,3241
12/04/1993,3247.01,,2,3,4,5,6,7,3247
22/04/1993,3253.26,,2,3,4,5,6,7,3253
1/05/1993,3258.87,,2,3,4,5,6,7,3259
11/05/1993,3265.09,,2,3,4,5,6,7,3265
21/05/1993,3271.3,,2,3,4,5,6,7,3271
30/05/1993,3276.9,,2,3,4,5,6,7,3277
9/06/1993,3283.13,,2,3,4,5,6,7,3283
18/06/1993,3288.77,,2,3,4,5,6,7,3289
28/06/1993,3295.05,,2,3,4,5,6,7,3295
7/07/1993,3300.75,,2,3,4,5,6,7,3301
17/07/1993,3307.11,,2,3,4,5,6,7,3307
26/07/1993,3312.84,,2,3,4,5,6,7,3313
5/08/1993,3319.25,,2,3,4,5,6,7,3319
14/08/1993,3325.01,,2,3,4,5,6,7,3325
23/08/1993,3330.8,,2,3,4,5,6,7,3331
2/09/1993,3337.24,,2,3,4,5,6,7,3337
11/09/1993,3343.04,,2,3,4,5,6,7,3343
20/09/1993,3348.83,,2,3,4,5,6,7,3349
30/09/1993,3355.25,,2,3,4,5,6,7,3355
9/10/1993,3361.01,,2,3,4,5,6,7,3361
18/10/1993,3366.72,,2,3,4,5,6,7,3367
28/10/1993,3373,,2,3,4,5,6,7,3373
7/11/1993,3379.19,,2,3,4,5,6,7,3379
17/11/1993,3385.27,,2,3,4,5,6,7,3385
27/11/1993,3391.24,,2,3,4,5,6,7,3391
7/12/1993,3397.1,,2,3,4,5,6,7,3397
17/12/1993,3402.86,,2,3,4,5,6,7,3403
28/12/1993,3409.11,,2,3,4,5,6,7,3409
7/01/1994,3414.75,,2,3,4,5,6,7,3415
18/01/1994,3420.93,,2,3,4,5,6,7,3421
29/01/1994,3427.13,,2,3,4,5,6,7,3427
8/02/1994,3432.83,,2,3,4,5,6,7,3433
19/02/1994,3439.15,,2,3,4,5,6,7,3439
1/03/1994,3445,,2,3,4,5,6,7,3445
11/03/1994,3450.93,,2,3,4,5,6,7,3451
21/03/1994,3456.95,,2,3,4,5,6,7,3457
31/03/1994,3463.08,,2,3,4,5,6,7,3463
10/04/1994,3469.31,,2,3,4,5,6,7,3469
19/04/1994,3475,,2,3,4,5,6,7,3475
28/04/1994,3480.79,,2,3,4,5,6,7,3481
8/05/1994,3487.3,,2,3,4,5,6,7,3487
17/05/1994,3493.23,,2,3,4,5,6,7,3493
26/05/1994,3499.2,,2,3,4,5,6,7,3499
4/06/1994,3505.2,,2,3,4,5,6,7,3505
13/06/1994,3511.2,,2,3,4,5,6,7,3511
22/06/1994,3517.18,,2,3,4,5,6,7,3517
1/07/1994,3523.12,,2,3,4,5,6,7,3523
10/07/1994,3528.99,,2,3,4,5,6,7,3529
19/07/1994,3534.81,,2,3,4,5,6,7,3535
29/07/1994,3541.19,,2,3,4,5,6,7,3541
7/08/1994,3546.86,,2,3,4,5,6,7,3547
17/08/1994,3553.1,,2,3,4,5,6,7,3553
27/08/1994,3559.28,,2,3,4,5,6,7,3559
5/09/1994,3564.8,,2,3,4,5,6,7,3565
15/09/1994,3570.9,,2,3,4,5,6,7,3571
25/09/1994,3576.97,,2,3,4,5,6,7,3577
5/10/1994,3583.01,,2,3,4,5,6,7,3583
15/10/1994,3589.04,,2,3,4,5,6,7,3589
25/10/1994,3595.05,,2,3,4,5,6,7,3595
4/11/1994,3601.04,,2,3,4,5,6,7,3601
14/11/1994,3607.04,,2,3,4,5,6,7,3607
24/11/1994,3613.04,,2,3,4,5,6,7,3613
4/12/1994,3619.05,,2,3,4,5,6,7,3619
14/12/1994,3625.07,,2,3,4,5,6,7,3625
24/12/1994,3631.12,,2,3,4,5,6,7,3631
3/01/1995,3637.18,,2,3,4,5,6,7,3637
13/01/1995,3643.24,,2,3,4,5,6,7,3643
23/01/1995,3649.29,,2,3,4,5,6,7,3649
1/02/1995,3654.72,,2,3,4,5,6,7,3655
11/02/1995,3660.72,,2,3,4,5,6,7,3661
22/02/1995,3667.28,,2,3,4,5,6,7,3667
4/03/1995,3673.21,,2,3,4,5,6,7,3673
14/03/1995,3679.12,,2,3,4,5,6,7,3679
24/03/1995,3685.04,,2,3,4,5,6,7,3685
3/04/1995,3690.98,,2,3,4,5,6,7,3691
13/04/1995,3696.97,,2,3,4,5,6,7,3697
23/04/1995,3703.01,,2,3,4,5,6,7,3703
3/05/1995,3709.12,,2,3,4,5,6,7,3709
13/05/1995,3715.31,,2,3,4,5,6,7,3715
22/05/1995,3720.94,,2,3,4,5,6,7,3721
1/06/1995,3727.27,,2,3,4,5,6,7,3727
10/06/1995,3733.02,,2,3,4,5,6,7,3733
19/06/1995,3738.84,,2,3,4,5,6,7,3739
28/06/1995,3744.7,,2,3,4,5,6,7,3745
8/07/1995,3751.26,,2,3,4,5,6,7,3751
17/07/1995,3757.21,,2,3,4,5,6,7,3757
26/07/1995,3763.19,,2,3,4,5,6,7,3763
4/08/1995,3769.18,,2,3,4,5,6,7,3769
13/08/1995,3775.17,,2,3,4,5,6,7,3775
22/08/1995,3781.15,,2,3,4,5,6,7,3781
31/08/1995,3787.08,,2,3,4,5,6,7,3787
9/09/1995,3792.95,,2,3,4,5,6,7,3793
18/09/1995,3798.73,,2,3,4,5,6,7,3799
28/09/1995,3805.04,,2,3,4,5,6,7,3805
8/10/1995,3811.23,,2,3,4,5,6,7,3811
18/10/1995,3817.29,,2,3,4,5,6,7,3817
28/10/1995,3823.22,,2,3,4,5,6,7,3823
7/11/1995,3829.06,,2,3,4,5,6,7,3829
17/11/1995,3834.81,,2,3,4,5,6,7,3835
28/11/1995,3841.09,,2,3,4,5,6,7,3841
8/12/1995,3846.77,,2,3,4,5,6,7,3847
19/12/1995,3853.02,,2,3,4,5,6,7,3853
30/12/1995,3859.27,,2,3,4,5,6,7,3859
9/01/1996,3865,,2,3,4,5,6,7,3865
19/01/1996,3870.77,,2,3,4,5,6,7,3871
30/01/1996,3877.19,,2,3,4,5,6,7,3877
9/02/1996,3883.1,,2,3,4,5,6,7,3883
19/02/1996,3889.1,,2,3,4,5,6,7,3889
29/02/1996,3895.19,,2,3,4,5,6,7,3895
9/03/1996,3900.76,,2,3,4,5,6,7,3901
19/03/1996,3907.02,,2,3,4,5,6,7,3907
28/03/1996,3912.72,,2,3,4,5,6,7,3913
7/04/1996,3919.12,,2,3,4,5,6,7,3919
16/04/1996,3924.9,,2,3,4,5,6,7,3925
25/04/1996,3930.7,,2,3,4,5,6,7,3931
5/05/1996,3937.12,,2,3,4,5,6,7,3937
14/05/1996,3942.89,,2,3,4,5,6,7,3943
24/05/1996,3949.26,,2,3,4,5,6,7,3949
2/06/1996,3954.97,,2,3,4,5,6,7,3955
12/06/1996,3961.27,,2,3,4,5,6,7,3961
21/06/1996,3966.94,,2,3,4,5,6,7,3967
1/07/1996,3973.21,,2,3,4,5,6,7,3973
10/07/1996,3978.87,,2,3,4,5,6,7,3979
20/07/1996,3985.14,,2,3,4,5,6,7,3985
29/07/1996,3990.81,,2,3,4,5,6,7,3991
8/08/1996,3997.1,,2,3,4,5,6,7,3997
17/08/1996,4002.77,,2,3,4,5,6,7,4003
27/08/1996,4009.07,,2,3,4,5,6,7,4009
5/09/1996,4014.76,,2,3,4,5,6,7,4015
15/09/1996,4021.05,,2,3,4,5,6,7,4021
24/09/1996,4026.72,,2,3,4,5,6,7,4027
4/10/1996,4033.02,,2,3,4,5,6,7,4033
14/10/1996,4039.3,,2,3,4,5,6,7,4039
23/10/1996,4044.95,,2,3,4,5,6,7,4045
2/11/1996,4051.21,,2,3,4,5,6,7,4051
11/11/1996,4056.8,,2,3,4,5,6,7,4057
21/11/1996,4062.97,,2,3,4,5,6,7,4063
1/12/1996,4069.07,,2,3,4,5,6,7,4069
11/12/1996,4075.08,,2,3,4,5,6,7,4075
21/12/1996,4081.01,,2,3,4,5,6,7,4081
31/12/1996,4086.84,,2,3,4,5,6,7,4087
11/01/1997,4093.18,,2,3,4,5,6,7,4093
21/01/1997,4098.87,,2,3,4,5,6,7,4099
1/02/1997,4105.12,,2,3,4,5,6,7,4105
11/02/1997,4110.8,,2,3,4,5,6,7,4111
22/02/1997,4117.09,,2,3,4,5,6,7,4117
4/03/1997,4122.87,,2,3,4,5,6,7,4123
14/03/1997,4128.72,,2,3,4,5,6,7,4129
25/03/1997,4135.26,,2,3,4,5,6,7,4135
3/04/1997,4140.7,,2,3,4,5,6,7,4141
13/04/1997,4146.84,,2,3,4,5,6,7,4147
23/04/1997,4153.07,,2,3,4,5,6,7,4153
2/05/1997,4158.77,,2,3,4,5,6,7,4159
12/05/1997,4165.18,,2,3,4,5,6,7,4165
21/05/1997,4171.04,,2,3,4,5,6,7,4171
30/05/1997,4176.97,,2,3,4,5,6,7,4177
8/06/1997,4182.95,,2,3,4,5,6,7,4183
17/06/1997,4188.97,,2,3,4,5,6,7,4189
26/06/1997,4195.02,,2,3,4,5,6,7,4195
5/07/1997,4201.05,,2,3,4,5,6,7,4201
14/07/1997,4207.07,,2,3,4,5,6,7,4207
23/07/1997,4213.04,,2,3,4,5,6,7,4213
1/08/1997,4218.93,,2,3,4,5,6,7,4219
10/08/1997,4224.75,,2,3,4,5,6,7,4225
20/08/1997,4231.11,,2,3,4,5,6,7,4231
29/08/1997,4236.75,,2,3,4,5,6,7,4237
8/09/1997,4242.92,,2,3,4,5,6,7,4243
18/09/1997,4249,,2,3,4,5,6,7,4249
28/09/1997,4255.02,,2,3,4,5,6,7,4255
8/10/1997,4260.98,,2,3,4,5,6,7,4261
18/10/1997,4266.92,,2,3,4,5,6,7,4267
28/10/1997,4272.82,,2,3,4,5,6,7,4273
8/11/1997,4279.28,,2,3,4,5,6,7,4279
18/11/1997,4285.16,,2,3,4,5,6,7,4285
28/11/1997,4291.03,,2,3,4,5,6,7,4291
8/12/1997,4296.9,,2,3,4,5,6,7,4297
18/12/1997,4302.81,,2,3,4,5,6,7,4303
28/12/1997,4308.75,,2,3,4,5,6,7,4309
7/01/1998,4314.72,,2,3,4,5,6,7,4315
17/01/1998,4320.75,,2,3,4,5,6,7,4321
27/01/1998,4326.82,,2,3,4,5,6,7,4327
6/02/1998,4332.92,,2,3,4,5,6,7,4333
16/02/1998,4339.05,,2,3,4,5,6,7,4339
26/02/1998,4345.19,,2,3,4,5,6,7,4345
7/03/1998,4350.7,,2,3,4,5,6,7,4351
17/03/1998,4356.8,,2,3,4,5,6,7,4357
27/03/1998,4362.9,,2,3,4,5,6,7,4363
6/04/1998,4368.97,,2,3,4,5,6,7,4369
16/04/1998,4375.04,,2,3,4,5,6,7,4375
26/04/1998,4381.11,,2,3,4,5,6,7,4381
6/05/1998,4387.22,,2,3,4,5,6,7,4387
15/05/1998,4392.76,,2,3,4,5,6,7,4393
25/05/1998,4398.96,,2,3,4,5,6,7,4399
4/06/1998,4405.21,,2,3,4,5,6,7,4405
13/06/1998,4410.89,,2,3,4,5,6,7,4411
23/06/1998,4417.24,,2,3,4,5,6,7,4417
2/07/1998,4423.02,,2,3,4,5,6,7,4423
11/07/1998,4428.82,,2,3,4,5,6,7,4429
21/07/1998,4435.31,,2,3,4,5,6,7,4435
30/07/1998,4441.17,,2,3,4,5,6,7,4441
8/08/1998,4447.07,,2,3,4,5,6,7,4447
17/08/1998,4452.97,,2,3,4,5,6,7,4453
26/08/1998,4458.88,,2,3,4,5,6,7,4459
4/09/1998,4464.79,,2,3,4,5,6,7,4465
14/09/1998,4471.33,,2,3,4,5,6,7,4471
23/09/1998,4477.16,,2,3,4,5,6,7,4477
2/10/1998,4482.93,,2,3,4,5,6,7,4483
12/10/1998,4489.26,,2,3,4,5,6,7,4489
21/10/1998,4494.85,,2,3,4,5,6,7,4495
31/10/1998,4500.93,,2,3,4,5,6,7,4501
10/11/1998,4506.9,,2,3,4,5,6,7,4507
20/11/1998,4512.74,,2,3,4,5,6,7,4513
1/12/1998,4519.07,,2,3,4,5,6,7,4519
11/12/1998,4524.74,,2,3,4,5,6,7,4525
22/12/1998,4530.93,,2,3,4,5,6,7,4531
2/01/1999,4537.12,,2,3,4,5,6,7,4537
12/01/1999,4542.77,,2,3,4,5,6,7,4543
23/01/1999,4549.02,,2,3,4,5,6,7,4549
2/02/1999,4554.77,,2,3,4,5,6,7,4555
13/02/1999,4561.17,,2,3,4,5,6,7,4561
23/02/1999,4567.07,,2,3,4,5,6,7,4567
5/03/1999,4573.07,,2,3,4,5,6,7,4573
15/03/1999,4579.16,,2,3,4,5,6,7,4579
24/03/1999,4584.73,,2,3,4,5,6,7,4585
3/04/1999,4591.03,,2,3,4,5,6,7,4591
12/04/1999,4596.78,,2,3,4,5,6,7,4597
22/04/1999,4603.24,,2,3,4,5,6,7,4603
1/05/1999,4609.11,,2,3,4,5,6,7,4609
10/05/1999,4615.01,,2,3,4,5,6,7,4615
19/05/1999,4620.93,,2,3,4,5,6,7,4621
28/05/1999,4626.83,,2,3,4,5,6,7,4627
6/06/1999,4632.71,,2,3,4,5,6,7,4633
16/06/1999,4639.19,,2,3,4,5,6,7,4639
25/06/1999,4644.97,,2,3,4,5,6,7,4645
4/07/1999,4650.7,,2,3,4,5,6,7,4651
14/07/1999,4657.02,,2,3,4,5,6,7,4657
24/07/1999,4663.31,,2,3,4,5,6,7,4663
2/08/1999,4668.94,,2,3,4,5,6,7,4669
12/08/1999,4675.16,,2,3,4,5,6,7,4675
21/08/1999,4680.75,,2,3,4,5,6,7,4681
31/08/1999,4686.96,,2,3,4,5,6,7,4687
10/09/1999,4693.15,,2,3,4,5,6,7,4693
19/09/1999,4698.71,,2,3,4,5,6,7,4699
29/09/1999,4704.89,,2,3,4,5,6,7,4705
9/10/1999,4711.04,,2,3,4,5,6,7,4711
19/10/1999,4717.18,,2,3,4,5,6,7,4717
28/10/1999,4722.71,,2,3,4,5,6,7,4723
7/11/1999,4728.85,,2,3,4,5,6,7,4729
17/11/1999,4734.97,,2,3,4,5,6,7,4735
27/11/1999,4741.1,,2,3,4,5,6,7,4741
7/12/1999,4747.21,,2,3,4,5,6,7,4747
17/12/1999,4753.3,,2,3,4,5,6,7,4753
26/12/1999,4758.74,,2,3,4,5,6,7,4759
5/01/2000,4764.74,,2,3,4,5,6,7,4765
16/01/2000,4771.26,,2,3,4,5,6,7,4771
26/01/2000,4777.14,,2,3,4,5,6,7,4777
5/02/2000,4782.95,,2,3,4,5,6,7,4783
15/02/2000,4788.73,,2,3,4,5,6,7,4789
26/02/2000,4795.09,,2,3,4,5,6,7,4795
7/03/2000,4800.88,,2,3,4,5,6,7,4801
17/03/2000,4806.71,,2,3,4,5,6,7,4807
28/03/2000,4813.2,,2,3,4,5,6,7,4813
7/04/2000,4819.18,,2,3,4,5,6,7,4819
17/04/2000,4825.25,,2,3,4,5,6,7,4825
26/04/2000,4830.8,,2,3,4,5,6,7,4831
6/05/2000,4837.03,,2,3,4,5,6,7,4837
15/05/2000,4842.72,,2,3,4,5,6,7,4843
25/05/2000,4849.13,,2,3,4,5,6,7,4849
3/06/2000,4854.96,,2,3,4,5,6,7,4855
12/06/2000,4860.86,,2,3,4,5,6,7,4861
21/06/2000,4866.81,,2,3,4,5,6,7,4867
30/06/2000,4872.8,,2,3,4,5,6,7,4873
9/07/2000,4878.83,,2,3,4,5,6,7,4879
18/07/2000,4884.87,,2,3,4,5,6,7,4885
27/07/2000,4890.9,,2,3,4,5,6,7,4891
5/08/2000,4896.9,,2,3,4,5,6,7,4897
14/08/2000,4902.85,,2,3,4,5,6,7,4903
23/08/2000,4908.72,,2,3,4,5,6,7,4909
2/09/2000,4915.13,,2,3,4,5,6,7,4915
11/09/2000,4920.81,,2,3,4,5,6,7,4921
21/09/2000,4927,,2,3,4,5,6,7,4927
1/10/2000,4933.07,,2,3,4,5,6,7,4933
11/10/2000,4939.04,,2,3,4,5,6,7,4939
21/10/2000,4944.94,,2,3,4,5,6,7,4945
31/10/2000,4950.77,,2,3,4,5,6,7,4951
11/11/2000,4957.14,,2,3,4,5,6,7,4957
21/11/2000,4962.91,,2,3,4,5,6,7,4963
2/12/2000,4969.25,,2,3,4,5,6,7,4969
12/12/2000,4975.02,,2,3,4,5,6,7,4975
22/12/2000,4980.8,,2,3,4,5,6,7,4981
2/01/2001,4987.21,,2,3,4,5,6,7,4987
12/01/2001,4993.08,,2,3,4,5,6,7,4993
22/01/2001,4999,,2,3,4,5,6,7,4999
1/02/2001,5004.99,,2,3,4,5,6,7,5005
11/02/2001,5011.07,,2,3,4,5,6,7,5011
21/02/2001,5017.22,,2,3,4,5,6,7,5017
2/03/2001,5022.79,,2,3,4,5,6,7,5023
12/03/2001,5029.04,,2,3,4,5,6,7,5029
22/03/2001,5035.31,,2,3,4,5,6,7,5035
31/03/2001,5040.96,,2,3,4,5,6,7,5041
10/04/2001,5047.24,,2,3,4,5,6,7,5047
19/04/2001,5052.86,,2,3,4,5,6,7,5053
29/04/2001,5059.1,,2,3,4,5,6,7,5059
9/05/2001,5065.31,,2,3,4,5,6,7,5065
18/05/2001,5070.9,,2,3,4,5,6,7,5071
28/05/2001,5077.11,,2,3,4,5,6,7,5077
6/06/2001,5082.72,,2,3,4,5,6,7,5083
16/06/2001,5088.97,,2,3,4,5,6,7,5089
26/06/2001,5095.26,,2,3,4,5,6,7,5095
5/07/2001,5100.95,,2,3,4,5,6,7,5101
15/07/2001,5107.29,,2,3,4,5,6,7,5107
24/07/2001,5113.03,,2,3,4,5,6,7,5113
2/08/2001,5118.79,,2,3,4,5,6,7,5119
12/08/2001,5125.21,,2,3,4,5,6,7,5125
21/08/2001,5130.99,,2,3,4,5,6,7,5131
30/08/2001,5136.79,,2,3,4,5,6,7,5137
9/09/2001,5143.24,,2,3,4,5,6,7,5143
18/09/2001,5149.03,,2,3,4,5,6,7,5149
27/09/2001,5154.82,,2,3,4,5,6,7,5155
7/10/2001,5161.23,,2,3,4,5,6,7,5161
16/10/2001,5166.95,,2,3,4,5,6,7,5167
26/10/2001,5173.24,,2,3,4,5,6,7,5173
4/11/2001,5178.84,,2,3,4,5,6,7,5179
14/11/2001,5184.95,,2,3,4,5,6,7,5185
24/11/2001,5190.95,,2,3,4,5,6,7,5191
4/12/2001,5196.83,,2,3,4,5,6,7,5197
15/12/2001,5203.18,,2,3,4,5,6,7,5203
25/12/2001,5208.88,,2,3,4,5,6,7,5209
5/01/2002,5215.09,,2,3,4,5,6,7,5215
16/01/2002,5221.27,,2,3,4,5,6,7,5221
26/01/2002,5226.9,,2,3,4,5,6,7,5227
6/02/2002,5233.15,,2,3,4,5,6,7,5233
16/02/2002,5238.89,,2,3,4,5,6,7,5239
26/02/2002,5244.71,,2,3,4,5,6,7,5245
9/03/2002,5251.21,,2,3,4,5,6,7,5251
19/03/2002,5257.22,,2,3,4,5,6,7,5257
28/03/2002,5262.72,,2,3,4,5,6,7,5263
7/04/2002,5268.92,,2,3,4,5,6,7,5269
17/04/2002,5275.22,,2,3,4,5,6,7,5275
26/04/2002,5280.99,,2,3,4,5,6,7,5281
5/05/2002,5286.83,,2,3,4,5,6,7,5287
14/05/2002,5292.74,,2,3,4,5,6,7,5293
23/05/2002,5298.71,,2,3,4,5,6,7,5299
1/06/2002,5304.69,,2,3,4,5,6,7,5305
10/06/2002,5310.69,,2,3,4,5,6,7,5311
19/06/2002,5316.68,,2,3,4,5,6,7,5317
29/06/2002,5323.28,,2,3,4,5,6,7,5323
8/07/2002,5329.17,,2,3,4,5,6,7,5329
17/07/2002,5334.99,,2,3,4,5,6,7,5335
26/07/2002,5340.75,,2,3,4,5,6,7,5341
5/08/2002,5347.06,,2,3,4,5,6,7,5347
15/08/2002,5353.31,,2,3,4,5,6,7,5353
24/08/2002,5358.89,,2,3,4,5,6,7,5359
3/09/2002,5365.03,,2,3,4,5,6,7,5365
13/09/2002,5371.13,,2,3,4,5,6,7,5371
23/09/2002,5377.21,,2,3,4,5,6,7,5377
3/10/2002,5383.27,,2,3,4,5,6,7,5383
13/10/2002,5389.29,,2,3,4,5,6,7,5389
22/10/2002,5394.71,,2,3,4,5,6,7,5395
1/11/2002,5400.72,,2,3,4,5,6,7,5401
11/11/2002,5406.72,,2,3,4,5,6,7,5407
21/11/2002,5412.73,,2,3,4,5,6,7,5413
1/12/2002,5418.74,,2,3,4,5,6,7,5419
11/12/2002,5424.76,,2,3,4,5,6,7,5425
21/12/2002,5430.8,,2,3,4,5,6,7,5431
31/12/2002,5436.86,,2,3,4,5,6,7,5437
10/01/2003,5442.92,,2,3,4,5,6,7,5443
20/01/2003,5448.97,,2,3,4,5,6,7,5449
30/01/2003,5455,,2,3,4,5,6,7,5455
9/02/2003,5461,,2,3,4,5,6,7,5461
19/02/2003,5466.97,,2,3,4,5,6,7,5467
1/03/2003,5472.91,,2,3,4,5,6,7,5473
11/03/2003,5478.81,,2,3,4,5,6,7,5479
21/03/2003,5484.73,,2,3,4,5,6,7,5485
1/04/2003,5491.26,,2,3,4,5,6,7,5491
11/04/2003,5497.22,,2,3,4,5,6,7,5497
21/04/2003,5503.25,,2,3,4,5,6,7,5503
30/04/2003,5508.74,,2,3,4,5,6,7,5509
10/05/2003,5514.9,,2,3,4,5,6,7,5515
20/05/2003,5521.15,,2,3,4,5,6,7,5521
29/05/2003,5526.83,,2,3,4,5,6,7,5527
8/06/2003,5533.21,,2,3,4,5,6,7,5533
17/06/2003,5539.02,,2,3,4,5,6,7,5539
26/06/2003,5544.88,,2,3,4,5,6,7,5545
5/07/2003,5550.77,,2,3,4,5,6,7,5551
14/07/2003,5556.71,,2,3,4,5,6,7,5557
23/07/2003,5562.68,,2,3,4,5,6,7,5563
2/08/2003,5569.33,,2,3,4,5,6,7,5569
11/08/2003,5575.33,,2,3,4,5,6,7,5575
20/08/2003,5581.31,,2,3,4,5,6,7,5581
29/08/2003,5587.25,,2,3,4,5,6,7,5587
7/09/2003,5593.13,,2,3,4,5,6,7,5593
16/09/2003,5598.94,,2,3,4,5,6,7,5599
26/09/2003,5605.27,,2,3,4,5,6,7,5605
5/10/2003,5610.86,,2,3,4,5,6,7,5611
15/10/2003,5616.95,,2,3,4,5,6,7,5617
25/10/2003,5622.91,,2,3,4,5,6,7,5623
4/11/2003,5628.77,,2,3,4,5,6,7,5629
15/11/2003,5635.12,,2,3,4,5,6,7,5635
25/11/2003,5640.84,,2,3,4,5,6,7,5641
6/12/2003,5647.1,,2,3,4,5,6,7,5647
16/12/2003,5652.78,,2,3,4,5,6,7,5653
27/12/2003,5659.03,,2,3,4,5,6,7,5659
6/01/2004,5664.75,,2,3,4,5,6,7,5665
17/01/2004,5671.1,,2,3,4,5,6,7,5671
27/01/2004,5676.91,,2,3,4,5,6,7,5677
6/02/2004,5682.81,,2,3,4,5,6,7,5683
16/02/2004,5688.78,,2,3,4,5,6,7,5689
26/02/2004,5694.84,,2,3,4,5,6,7,5695
7/03/2004,5701.01,,2,3,4,5,6,7,5701
17/03/2004,5707.26,,2,3,4,5,6,7,5707
26/03/2004,5712.95,,2,3,4,5,6,7,5713
4/04/2004,5718.69,,2,3,4,5,6,7,5719
14/04/2004,5725.11,,2,3,4,5,6,7,5725
23/04/2004,5730.9,,2,3,4,5,6,7,5731
3/05/2004,5737.32,,2,3,4,5,6,7,5737
12/05/2004,5743.09,,2,3,4,5,6,7,5743
21/05/2004,5748.83,,2,3,4,5,6,7,5749
31/05/2004,5755.17,,2,3,4,5,6,7,5755
9/06/2004,5760.84,,2,3,4,5,6,7,5761
19/06/2004,5767.14,,2,3,4,5,6,7,5767
28/06/2004,5772.79,,2,3,4,5,6,7,5773
8/07/2004,5779.06,,2,3,4,5,6,7,5779
17/07/2004,5784.72,,2,3,4,5,6,7,5785
27/07/2004,5791,,2,3,4,5,6,7,5791
6/08/2004,5797.3,,2,3,4,5,6,7,5797
15/08/2004,5802.97,,2,3,4,5,6,7,5803
25/08/2004,5809.28,,2,3,4,5,6,7,5809
3/09/2004,5814.96,,2,3,4,5,6,7,5815
13/09/2004,5821.27,,2,3,4,5,6,7,5821
22/09/2004,5826.94,,2,3,4,5,6,7,5827
2/10/2004,5833.25,,2,3,4,5,6,7,5833
11/10/2004,5838.91,,2,3,4,5,6,7,5839
21/10/2004,5845.18,,2,3,4,5,6,7,5845
30/10/2004,5850.83,,2,3,4,5,6,7,5851
9/11/2004,5857.05,,2,3,4,5,6,7,5857
19/11/2004,5863.23,,2,3,4,5,6,7,5863
28/11/2004,5868.74,,2,3,4,5,6,7,5869
8/12/2004,5874.78,,2,3,4,5,6,7,5875
18/12/2004,5880.71,,2,3,4,5,6,7,5881
29/12/2004,5887.15,,2,3,4,5,6,7,5887
8/01/2005,5892.92,,2,3,4,5,6,7,5893
19/01/2005,5899.2,,2,3,4,5,6,7,5899
29/01/2005,5904.87,,2,3,4,5,6,7,5905
9/02/2005,5911.12,,2,3,4,5,6,7,5911
19/02/2005,5916.83,,2,3,4,5,6,7,5917
2/03/2005,5923.17,,2,3,4,5,6,7,5923
12/03/2005,5929.01,,2,3,4,5,6,7,5929
22/03/2005,5934.94,,2,3,4,5,6,7,5935
1/04/2005,5940.96,,2,3,4,5,6,7,5941
11/04/2005,5947.08,,2,3,4,5,6,7,5947
21/04/2005,5953.3,,2,3,4,5,6,7,5953
30/04/2005,5958.98,,2,3,4,5,6,7,5959
9/05/2005,5964.74,,2,3,4,5,6,7,5965
19/05/2005,5971.22,,2,3,4,5,6,7,5971
28/05/2005,5977.14,,2,3,4,5,6,7,5977
6/06/2005,5983.11,,2,3,4,5,6,7,5983
15/06/2005,5989.13,,2,3,4,5,6,7,5989
24/06/2005,5995.17,,2,3,4,5,6,7,5995
3/07/2005,6001.21,,2,3,4,5,6,7,6001
12/07/2005,6007.23,,2,3,4,5,6,7,6007
21/07/2005,6013.2,,2,3,4,5,6,7,6013
30/07/2005,6019.11,,2,3,4,5,6,7,6019
8/08/2005,6024.93,,2,3,4,5,6,7,6025
18/08/2005,6031.31,,2,3,4,5,6,7,6031
27/08/2005,6036.96,,2,3,4,5,6,7,6037
6/09/2005,6043.15,,2,3,4,5,6,7,6043
16/09/2005,6049.25,,2,3,4,5,6,7,6049
26/09/2005,6055.28,,2,3,4,5,6,7,6055
6/10/2005,6061.25,,2,3,4,5,6,7,6061
16/10/2005,6067.19,,2,3,4,5,6,7,6067
26/10/2005,6073.09,,2,3,4,5,6,7,6073
5/11/2005,6078.98,,2,3,4,5,6,7,6079
15/11/2005,6084.86,,2,3,4,5,6,7,6085
25/11/2005,6090.73,,2,3,4,5,6,7,6091
6/12/2005,6097.2,,2,3,4,5,6,7,6097
16/12/2005,6103.11,,2,3,4,5,6,7,6103
26/12/2005,6109.04,,2,3,4,5,6,7,6109
5/01/2006,6115.01,,2,3,4,5,6,7,6115
15/01/2006,6121.03,,2,3,4,5,6,7,6121
25/01/2006,6127.1,,2,3,4,5,6,7,6127
4/02/2006,6133.2,,2,3,4,5,6,7,6133
13/02/2006,6138.71,,2,3,4,5,6,7,6139
23/02/2006,6144.83,,2,3,4,5,6,7,6145
5/03/2006,6150.96,,2,3,4,5,6,7,6151
15/03/2006,6157.06,,2,3,4,5,6,7,6157
25/03/2006,6163.15,,2,3,4,5,6,7,6163
4/04/2006,6169.22,,2,3,4,5,6,7,6169
14/04/2006,6175.29,,2,3,4,5,6,7,6175
23/04/2006,6180.75,,2,3,4,5,6,7,6181
3/05/2006,6186.84,,2,3,4,5,6,7,6187
13/05/2006,6192.98,,2,3,4,5,6,7,6193
23/05/2006,6199.17,,2,3,4,5,6,7,6199
1/06/2006,6204.79,,2,3,4,5,6,7,6205
11/06/2006,6211.09,,2,3,4,5,6,7,6211
20/06/2006,6216.8,,2,3,4,5,6,7,6217
30/06/2006,6223.2,,2,3,4,5,6,7,6223
9/07/2006,6229,,2,3,4,5,6,7,6229
18/07/2006,6234.84,,2,3,4,5,6,7,6235
27/07/2006,6240.69,,2,3,4,5,6,7,6241
6/08/2006,6247.24,,2,3,4,5,6,7,6247
15/08/2006,6253.15,,2,3,4,5,6,7,6253
24/08/2006,6259.06,,2,3,4,5,6,7,6259
2/09/2006,6264.97,,2,3,4,5,6,7,6265
11/09/2006,6270.86,,2,3,4,5,6,7,6271
20/09/2006,6276.72,,2,3,4,5,6,7,6277
30/09/2006,6283.15,,2,3,4,5,6,7,6283
9/10/2006,6288.87,,2,3,4,5,6,7,6289
19/10/2006,6295.1,,2,3,4,5,6,7,6295
29/10/2006,6301.21,,2,3,4,5,6,7,6301
8/11/2006,6307.18,,2,3,4,5,6,7,6307
18/11/2006,6313.05,,2,3,4,5,6,7,6313
28/11/2006,6318.81,,2,3,4,5,6,7,6319
9/12/2006,6325.06,,2,3,4,5,6,7,6325
20/12/2006,6331.26,,2,3,4,5,6,7,6331
30/12/2006,6336.89,,2,3,4,5,6,7,6337
10/01/2007,6343.09,,2,3,4,5,6,7,6343
20/01/2007,6348.77,,2,3,4,5,6,7,6349
31/01/2007,6355.07,,2,3,4,5,6,7,6355
10/02/2007,6360.88,,2,3,4,5,6,7,6361
20/02/2007,6366.77,,2,3,4,5,6,7,6367
2/03/2007,6372.74,,2,3,4,5,6,7,6373
12/03/2007,6378.8,,2,3,4,5,6,7,6379
22/03/2007,6384.98,,2,3,4,5,6,7,6385
1/04/2007,6391.25,,2,3,4,5,6,7,6391
10/04/2007,6396.99,,2,3,4,5,6,7,6397
19/04/2007,6402.79,,2,3,4,5,6,7,6403
29/04/2007,6409.3,,2,3,4,5,6,7,6409
8/05/2007,6415.2,,2,3,4,5,6,7,6415
17/05/2007,6421.11,,2,3,4,5,6,7,6421
26/05/2007,6427.01,,2,3,4,5,6,7,6427
4/06/2007,6432.88,,2,3,4,5,6,7,6433
13/06/2007,6438.72,,2,3,4,5,6,7,6439
23/06/2007,6445.15,,2,3,4,5,6,7,6445
2/07/2007,6450.9,,2,3,4,5,6,7,6451
12/07/2007,6457.22,,2,3,4,5,6,7,6457
21/07/2007,6462.88,,2,3,4,5,6,7,6463
31/07/2007,6469.14,,2,3,4,5,6,7,6469
9/08/2007,6474.75,,2,3,4,5,6,7,6475
19/08/2007,6480.97,,2,3,4,5,6,7,6481
29/08/2007,6487.18,,2,3,4,5,6,7,6487
7/09/2007,6492.76,,2,3,4,5,6,7,6493
17/09/2007,6498.94,,2,3,4,5,6,7,6499
27/09/2007,6505.12,,2,3,4,5,6,7,6505
7/10/2007,6511.28,,2,3,4,5,6,7,6511
16/10/2007,6516.82,,2,3,4,5,6,7,6517
26/10/2007,6522.97,,2,3,4,5,6,7,6523
5/11/2007,6529.11,,2,3,4,5,6,7,6529
15/11/2007,6535.24,,2,3,4,5,6,7,6535
24/11/2007,6540.76,,2,3,4,5,6,7,6541
4/12/2007,6546.88,,2,3,4,5,6,7,6547
14/12/2007,6552.98,,2,3,4,5,6,7,6553
24/12/2007,6559.03,,2,3,4,5,6,7,6559
3/01/2008,6565.04,,2,3,4,5,6,7,6565
13/01/2008,6570.98,,2,3,4,5,6,7,6571
23/01/2008,6576.86,,2,3,4,5,6,7,6577
3/02/2008,6583.26,,2,3,4,5,6,7,6583
13/02/2008,6589.04,,2,3,4,5,6,7,6589
23/02/2008,6594.81,,2,3,4,5,6,7,6595
5/03/2008,6601.17,,2,3,4,5,6,7,6601
15/03/2008,6607,,2,3,4,5,6,7,6607
25/03/2008,6612.88,,2,3,4,5,6,7,6613
4/04/2008,6618.84,,2,3,4,5,6,7,6619
14/04/2008,6624.88,,2,3,4,5,6,7,6625
24/04/2008,6631.02,,2,3,4,5,6,7,6631
4/05/2008,6637.25,,2,3,4,5,6,7,6637
13/05/2008,6642.92,,2,3,4,5,6,7,6643
23/05/2008,6649.32,,2,3,4,5,6,7,6649
1/06/2008,6655.13,,2,3,4,5,6,7,6655
10/06/2008,6661.02,,2,3,4,5,6,7,6661
19/06/2008,6666.96,,2,3,4,5,6,7,6667
28/06/2008,6672.96,,2,3,4,5,6,7,6673
7/07/2008,6678.98,,2,3,4,5,6,7,6679
16/07/2008,6685.02,,2,3,4,5,6,7,6685
25/07/2008,6691.06,,2,3,4,5,6,7,6691
3/08/2008,6697.06,,2,3,4,5,6,7,6697
12/08/2008,6703.03,,2,3,4,5,6,7,6703
21/08/2008,6708.91,,2,3,4,5,6,7,6709
30/08/2008,6714.71,,2,3,4,5,6,7,6715
9/09/2008,6721.03,,2,3,4,5,6,7,6721
19/09/2008,6727.24,,2,3,4,5,6,7,6727
28/09/2008,6732.73,,2,3,4,5,6,7,6733
8/10/2008,6738.72,,2,3,4,5,6,7,6739
19/10/2008,6745.22,,2,3,4,5,6,7,6745
29/10/2008,6751.06,,2,3,4,5,6,7,6751
8/11/2008,6756.86,,2,3,4,5,6,7,6757
19/11/2008,6763.22,,2,3,4,5,6,7,6763
29/11/2008,6768.99,,2,3,4,5,6,7,6769
9/12/2008,6774.76,,2,3,4,5,6,7,6775
20/12/2008,6781.12,,2,3,4,5,6,7,6781
30/12/2008,6786.93,,2,3,4,5,6,7,6787
9/01/2009,6792.78,,2,3,4,5,6,7,6793
20/01/2009,6799.3,,2,3,4,5,6,7,6799
30/01/2009,6805.28,,2,3,4,5,6,7,6805
8/02/2009,6810.74,,2,3,4,5,6,7,6811
18/02/2009,6816.86,,2,3,4,5,6,7,6817
28/02/2009,6823.05,,2,3,4,5,6,7,6823
10/03/2009,6829.28,,2,3,4,5,6,7,6829
19/03/2009,6834.93,,2,3,4,5,6,7,6835
29/03/2009,6841.19,,2,3,4,5,6,7,6841
7/04/2009,6846.83,,2,3,4,5,6,7,6847
17/04/2009,6853.09,,2,3,4,5,6,7,6853
26/04/2009,6858.69,,2,3,4,5,6,7,6859
6/05/2009,6864.9,,2,3,4,5,6,7,6865
16/05/2009,6871.12,,2,3,4,5,6,7,6871
25/05/2009,6876.7,,2,3,4,5,6,7,6877
4/06/2009,6882.92,,2,3,4,5,6,7,6883
14/06/2009,6889.17,,2,3,4,5,6,7,6889
23/06/2009,6894.82,,2,3,4,5,6,7,6895
3/07/2009,6901.14,,2,3,4,5,6,7,6901
12/07/2009,6906.85,,2,3,4,5,6,7,6907
22/07/2009,6913.21,,2,3,4,5,6,7,6913
31/07/2009,6918.97,,2,3,4,5,6,7,6919
9/08/2009,6924.75,,2,3,4,5,6,7,6925
19/08/2009,6931.19,,2,3,4,5,6,7,6931
28/08/2009,6936.98,,2,3,4,5,6,7,6937
6/09/2009,6942.79,,2,3,4,5,6,7,6943
16/09/2009,6949.23,,2,3,4,5,6,7,6949
25/09/2009,6955.03,,2,3,4,5,6,7,6955
4/10/2009,6960.81,,2,3,4,5,6,7,6961
14/10/2009,6967.18,,2,3,4,5,6,7,6967
23/10/2009,6972.86,,2,3,4,5,6,7,6973
2/11/2009,6979.09,,2,3,4,5,6,7,6979
12/11/2009,6985.22,,2,3,4,5,6,7,6985
22/11/2009,6991.24,,2,3,4,5,6,7,6991
2/12/2009,6997.14,,2,3,4,5,6,7,6997
12/12/2009,7002.93,,2,3,4,5,6,7,7003
23/12/2009,7009.21,,2,3,4,5,6,7,7009
2/01/2010,7014.86,,2,3,4,5,6,7,7015
13/01/2010,7021.04,,2,3,4,5,6,7,7021
24/01/2010,7027.23,,2,3,4,5,6,7,7027
3/02/2010,7032.9,,2,3,4,5,6,7,7033
14/02/2010,7039.21,,2,3,4,5,6,7,7039
24/02/2010,7045,,2,3,4,5,6,7,7045
6/03/2010,7050.9,,2,3,4,5,6,7,7051
16/03/2010,7056.87,,2,3,4,5,6,7,7057
26/03/2010,7062.96,,2,3,4,5,6,7,7063
5/04/2010,7069.14,,2,3,4,5,6,7,7069
14/04/2010,7074.8,,2,3,4,5,6,7,7075
24/04/2010,7081.18,,2,3,4,5,6,7,7081
3/05/2010,7087.02,,2,3,4,5,6,7,7087
12/05/2010,7092.92,,2,3,4,5,6,7,7093
21/05/2010,7098.86,,2,3,4,5,6,7,7099
30/05/2010,7104.85,,2,3,4,5,6,7,7105
8/06/2010,7110.85,,2,3,4,5,6,7,7111
17/06/2010,7116.83,,2,3,4,5,6,7,7117
26/06/2010,7122.78,,2,3,4,5,6,7,7123
5/07/2010,7128.69,,2,3,4,5,6,7,7129
15/07/2010,7135.17,,2,3,4,5,6,7,7135
24/07/2010,7140.93,,2,3,4,5,6,7,7141
3/08/2010,7147.26,,2,3,4,5,6,7,7147
12/08/2010,7152.91,,2,3,4,5,6,7,7153
22/08/2010,7159.1,,2,3,4,5,6,7,7159
1/09/2010,7165.26,,2,3,4,5,6,7,7165
10/09/2010,7170.77,,2,3,4,5,6,7,7171
20/09/2010,7176.85,,2,3,4,5,6,7,7177
30/09/2010,7182.92,,2,3,4,5,6,7,7183
10/10/2010,7188.95,,2,3,4,5,6,7,7189
20/10/2010,7194.98,,2,3,4,5,6,7,7195
30/10/2010,7201,,2,3,4,5,6,7,7201
9/11/2010,7207,,2,3,4,5,6,7,7207
19/11/2010,7213,,2,3,4,5,6,7,7213
29/11/2010,7219.03,,2,3,4,5,6,7,7219
9/12/2010,7225.05,,2,3,4,5,6,7,7225
19/12/2010,7231.09,,2,3,4,5,6,7,7231
29/12/2010,7237.15,,2,3,4,5,6,7,7237
8/01/2011,7243.21,,2,3,4,5,6,7,7243
18/01/2011,7249.26,,2,3,4,5,6,7,7249
28/01/2011,7255.3,,2,3,4,5,6,7,7255
6/02/2011,7260.71,,2,3,4,5,6,7,7261
17/02/2011,7267.27,,2,3,4,5,6,7,7267
27/02/2011,7273.2,,2,3,4,5,6,7,7273
9/03/2011,7279.11,,2,3,4,5,6,7,7279
19/03/2011,7285.02,,2,3,4,5,6,7,7285
29/03/2011,7290.93,,2,3,4,5,6,7,7291
8/04/2011,7296.88,,2,3,4,5,6,7,7297
18/04/2011,7302.9,,2,3,4,5,6,7,7303
28/04/2011,7308.97,,2,3,4,5,6,7,7309
8/05/2011,7315.12,,2,3,4,5,6,7,7315
17/05/2011,7320.73,,2,3,4,5,6,7,7321
27/05/2011,7327.03,,2,3,4,5,6,7,7327
5/06/2011,7332.76,,2,3,4,5,6,7,7333
15/06/2011,7339.2,,2,3,4,5,6,7,7339
24/06/2011,7345.04,,2,3,4,5,6,7,7345
3/07/2011,7350.93,,2,3,4,5,6,7,7351
12/07/2011,7356.86,,2,3,4,5,6,7,7357
21/07/2011,7362.84,,2,3,4,5,6,7,7363
30/07/2011,7368.83,,2,3,4,5,6,7,7369
8/08/2011,7374.82,,2,3,4,5,6,7,7375
17/08/2011,7380.82,,2,3,4,5,6,7,7381
26/08/2011,7386.77,,2,3,4,5,6,7,7387
5/09/2011,7393.33,,2,3,4,5,6,7,7393
14/09/2011,7399.14,,2,3,4,5,6,7,7399
23/09/2011,7404.87,,2,3,4,5,6,7,7405
3/10/2011,7411.1,,2,3,4,5,6,7,7411
13/10/2011,7417.21,,2,3,4,5,6,7,7417
23/10/2011,7423.19,,2,3,4,5,6,7,7423
2/11/2011,7429.07,,2,3,4,5,6,7,7429
12/11/2011,7434.86,,2,3,4,5,6,7,7435
23/11/2011,7441.16,,2,3,4,5,6,7,7441
3/12/2011,7446.86,,2,3,4,5,6,7,7447
14/12/2011,7453.1,,2,3,4,5,6,7,7453
24/12/2011,7458.79,,2,3,4,5,6,7,7459
4/01/2012,7465.07,,2,3,4,5,6,7,7465
14/01/2012,7470.83,,2,3,4,5,6,7,7471
25/01/2012,7477.23,,2,3,4,5,6,7,7477
4/02/2012,7483.11,,2,3,4,5,6,7,7483
14/02/2012,7489.07,,2,3,4,5,6,7,7489
24/02/2012,7495.12,,2,3,4,5,6,7,7495
5/03/2012,7501.26,,2,3,4,5,6,7,7501
14/03/2012,7506.87,,2,3,4,5,6,7,7507
24/03/2012,7513.18,,2,3,4,5,6,7,7513
2/04/2012,7518.92,,2,3,4,5,6,7,7519
11/04/2012,7524.68,,2,3,4,5,6,7,7525
21/04/2012,7531.1,,2,3,4,5,6,7,7531
30/04/2012,7536.88,,2,3,4,5,6,7,7537
10/05/2012,7543.29,,2,3,4,5,6,7,7543
19/05/2012,7549.02,,2,3,4,5,6,7,7549
28/05/2012,7554.73,,2,3,4,5,6,7,7555
7/06/2012,7561.05,,2,3,4,5,6,7,7561
16/06/2012,7566.71,,2,3,4,5,6,7,7567
26/06/2012,7572.99,,2,3,4,5,6,7,7573
6/07/2012,7579.27,,2,3,4,5,6,7,7579
15/07/2012,7584.91,,2,3,4,5,6,7,7585
25/07/2012,7591.2,,2,3,4,5,6,7,7591
3/08/2012,7596.87,,2,3,4,5,6,7,7597
13/08/2012,7603.18,,2,3,4,5,6,7,7603
22/08/2012,7608.85,,2,3,4,5,6,7,7609
1/09/2012,7615.18,,2,3,4,5,6,7,7615
10/09/2012,7620.86,,2,3,4,5,6,7,7621
20/09/2012,7627.17,,2,3,4,5,6,7,7627
29/09/2012,7632.84,,2,3,4,5,6,7,7633
9/10/2012,7639.14,,2,3,4,5,6,7,7639
18/10/2012,7644.8,,2,3,4,5,6,7,7645
28/10/2012,7651.07,,2,3,4,5,6,7,7651
7/11/2012,7657.31,,2,3,4,5,6,7,7657
16/11/2012,7662.88,,2,3,4,5,6,7,7663
26/11/2012,7669.01,,2,3,4,5,6,7,7669
6/12/2012,7675.06,,2,3,4,5,6,7,7675
16/12/2012,7681.01,,2,3,4,5,6,7,7681
26/12/2012,7686.88,,2,3,4,5,6,7,7687
6/01/2013,7693.24,,2,3,4,5,6,7,7693
16/01/2013,7698.96,,2,3,4,5,6,7,7699
27/01/2013,7705.2,,2,3,4,5,6,7,7705
6/02/2013,7710.88,,2,3,4,5,6,7,7711
17/02/2013,7717.14,,2,3,4,5,6,7,7717
27/02/2013,7722.89,,2,3,4,5,6,7,7723
9/03/2013,7728.72,,2,3,4,5,6,7,7729
20/03/2013,7735.21,,2,3,4,5,6,7,7735
30/03/2013,7741.22,,2,3,4,5,6,7,7741
8/04/2013,7746.71,,2,3,4,5,6,7,7747
18/04/2013,7752.89,,2,3,4,5,6,7,7753
28/04/2013,7759.19,,2,3,4,5,6,7,7759
7/05/2013,7764.93,,2,3,4,5,6,7,7765
16/05/2013,7770.76,,2,3,4,5,6,7,7771
26/05/2013,7777.31,,2,3,4,5,6,7,7777
4/06/2013,7783.27,,2,3,4,5,6,7,7783
13/06/2013,7789.28,,2,3,4,5,6,7,7789
22/06/2013,7795.32,,2,3,4,5,6,7,7795
30/06/2013,7800.69,,2,3,4,5,6,7,7801
9/07/2013,7806.72,,2,3,4,5,6,7,7807
18/07/2013,7812.7,,2,3,4,5,6,7,7813
28/07/2013,7819.28,,2,3,4,5,6,7,7819
6/08/2013,7825.12,,2,3,4,5,6,7,7825
15/08/2013,7830.88,,2,3,4,5,6,7,7831
25/08/2013,7837.18,,2,3,4,5,6,7,7837
3/09/2013,7842.76,,2,3,4,5,6,7,7843
13/09/2013,7848.87,,2,3,4,5,6,7,7849
23/09/2013,7854.93,,2,3,4,5,6,7,7855
3/10/2013,7860.92,,2,3,4,5,6,7,7861
13/10/2013,7866.87,,2,3,4,5,6,7,7867
23/10/2013,7872.79,,2,3,4,5,6,7,7873
3/11/2013,7879.28,,2,3,4,5,6,7,7879
13/11/2013,7885.16,,2,3,4,5,6,7,7885
23/11/2013,7891.04,,2,3,4,5,6,7,7891
3/12/2013,7896.92,,2,3,4,5,6,7,7897
13/12/2013,7902.82,,2,3,4,5,6,7,7903
23/12/2013,7908.75,,2,3,4,5,6,7,7909
2/01/2014,7914.71,,2,3,4,5,6,7,7915
12/01/2014,7920.72,,2,3,4,5,6,7,7921
22/01/2014,7926.78,,2,3,4,5,6,7,7927
1/02/2014,7932.86,,2,3,4,5,6,7,7933
11/02/2014,7938.98,,2,3,4,5,6,7,7939
21/02/2014,7945.11,,2,3,4,5,6,7,7945
3/03/2014,7951.22,,2,3,4,5,6,7,7951
12/03/2014,7956.72,,2,3,4,5,6,7,7957
22/03/2014,7962.8,,2,3,4,5,6,7,7963
1/04/2014,7968.86,,2,3,4,5,6,7,7969
11/04/2014,7974.92,,2,3,4,5,6,7,7975
21/04/2014,7980.99,,2,3,4,5,6,7,7981
1/05/2014,7987.08,,2,3,4,5,6,7,7987
11/05/2014,7993.21,,2,3,4,5,6,7,7993
20/05/2014,7998.77,,2,3,4,5,6,7,7999
30/05/2014,8004.99,,2,3,4,5,6,7,8005
9/06/2014,8011.29,,2,3,4,5,6,7,8011
18/06/2014,8017,,2,3,4,5,6,7,8017
27/06/2014,8022.75,,2,3,4,5,6,7,8023
7/07/2014,8029.18,,2,3,4,5,6,7,8029
16/07/2014,8035.01,,2,3,4,5,6,7,8035
25/07/2014,8040.87,,2,3,4,5,6,7,8041
3/08/2014,8046.75,,2,3,4,5,6,7,8047
13/08/2014,8053.32,,2,3,4,5,6,7,8053
22/08/2014,8059.23,,2,3,4,5,6,7,8059
31/08/2014,8065.15,,2,3,4,5,6,7,8065
9/09/2014,8071.05,,2,3,4,5,6,7,8071
18/09/2014,8076.92,,2,3,4,5,6,7,8077
27/09/2014,8082.73,,2,3,4,5,6,7,8083
7/10/2014,8089.09,,2,3,4,5,6,7,8089
16/10/2014,8094.73,,2,3,4,5,6,7,8095
26/10/2014,8100.86,,2,3,4,5,6,7,8101
5/11/2014,8106.87,,2,3,4,5,6,7,8107
15/11/2014,8112.76,,2,3,4,5,6,7,8113
26/11/2014,8119.12,,2,3,4,5,6,7,8119
6/12/2014,8124.82,,2,3,4,5,6,7,8125
17/12/2014,8131.04,,2,3,4,5,6,7,8131
28/12/2014,8137.22,,2,3,4,5,6,7,8137
7/01/2015,8142.86,,2,3,4,5,6,7,8143
18/01/2015,8149.1,,2,3,4,5,6,7,8149
28/01/2015,8154.82,,2,3,4,5,6,7,8155
8/02/2015,8161.2,,2,3,4,5,6,7,8161
18/02/2015,8167.06,,2,3,4,5,6,7,8167
28/02/2015,8173.02,,2,3,4,5,6,7,8173
10/03/2015,8179.07,,2,3,4,5,6,7,8179
20/03/2015,8185.23,,2,3,4,5,6,7,8185
29/03/2015,8190.86,,2,3,4,5,6,7,8191
8/04/2015,8197.2,,2,3,4,5,6,7,8197
17/04/2015,8203,,2,3,4,5,6,7,8203
26/04/2015,8208.84,,2,3,4,5,6,7,8209
5/05/2015,8214.73,,2,3,4,5,6,7,8215
15/05/2015,8221.29,,2,3,4,5,6,7,8221
24/05/2015,8227.18,,2,3,4,5,6,7,8227
2/06/2015,8233.06,,2,3,4,5,6,7,8233
11/06/2015,8238.9,,2,3,4,5,6,7,8239
20/06/2015,8244.7,,2,3,4,5,6,7,8245
30/06/2015,8251.08,,2,3,4,5,6,7,8251
9/07/2015,8256.78,,2,3,4,5,6,7,8257
19/07/2015,8263.08,,2,3,4,5,6,7,8263
28/07/2015,8268.72,,2,3,4,5,6,7,8269
7/08/2015,8274.96,,2,3,4,5,6,7,8275
17/08/2015,8281.18,,2,3,4,5,6,7,8281
26/08/2015,8286.78,,2,3,4,5,6,7,8287
5/09/2015,8292.98,,2,3,4,5,6,7,8293
15/09/2015,8299.17,,2,3,4,5,6,7,8299
24/09/2015,8304.74,,2,3,4,5,6,7,8305
4/10/2015,8310.91,,2,3,4,5,6,7,8311
14/10/2015,8317.07,,2,3,4,5,6,7,8317
24/10/2015,8323.22,,2,3,4,5,6,7,8323
2/11/2015,8328.75,,2,3,4,5,6,7,8329
12/11/2015,8334.9,,2,3,4,5,6,7,8335
22/11/2015,8341.03,,2,3,4,5,6,7,8341
2/12/2015,8347.17,,2,3,4,5,6,7,8347
12/12/2015,8353.26,,2,3,4,5,6,7,8353
21/12/2015,8358.72,,2,3,4,5,6,7,8359
31/12/2015,8364.73,,2,3,4,5,6,7,8365
11/01/2016,8371.28,,2,3,4,5,6,7,8371
21/01/2016,8377.17,,2,3,4,5,6,7,8377
31/01/2016,8382.99,,2,3,4,5,6,7,8383
10/02/2016,8388.77,,2,3,4,5,6,7,8389
21/02/2016,8395.12,,2,3,4,5,6,7,8395
2/03/2016,8400.89,,2,3,4,5,6,7,8401
13/03/2016,8407.29,,2,3,4,5,6,7,8407
23/03/2016,8413.16,,2,3,4,5,6,7,8413
2/04/2016,8419.1,,2,3,4,5,6,7,8419
12/04/2016,8425.14,,2,3,4,5,6,7,8425
22/04/2016,8431.25,,2,3,4,5,6,7,8431
1/05/2016,8436.84,,2,3,4,5,6,7,8437
11/05/2016,8443.13,,2,3,4,5,6,7,8443
20/05/2016,8448.86,,2,3,4,5,6,7,8449
30/05/2016,8455.32,,2,3,4,5,6,7,8455
8/06/2016,8461.19,,2,3,4,5,6,7,8461
17/06/2016,8467.13,,2,3,4,5,6,7,8467
26/06/2016,8473.12,,2,3,4,5,6,7,8473
5/07/2016,8479.14,,2,3,4,5,6,7,8479
14/07/2016,8485.17,,2,3,4,5,6,7,8485
23/07/2016,8491.22,,2,3,4,5,6,7,8491
1/08/2016,8497.23,,2,3,4,5,6,7,8497
10/08/2016,8503.2,,2,3,4,5,6,7,8503
19/08/2016,8509.09,,2,3,4,5,6,7,8509
28/08/2016,8514.91,,2,3,4,5,6,7,8515
7/09/2016,8521.25,,2,3,4,5,6,7,8521
16/09/2016,8526.85,,2,3,4,5,6,7,8527
26/09/2016,8532.97,,2,3,4,5,6,7,8533
6/10/2016,8538.98,,2,3,4,5,6,7,8539
16/10/2016,8544.91,,2,3,4,5,6,7,8545
26/10/2016,8550.77,,2,3,4,5,6,7,8551
6/11/2016,8557.16,,2,3,4,5,6,7,8557
16/11/2016,8562.95,,2,3,4,5,6,7,8563
26/11/2016,8568.72,,2,3,4,5,6,7,8569
7/12/2016,8575.07,,2,3,4,5,6,7,8575
17/12/2016,8580.86,,2,3,4,5,6,7,8581
28/12/2016,8587.24,,2,3,4,5,6,7,8587
7/01/2017,8593.1,,2,3,4,5,6,7,8593
17/01/2017,8599,,2,3,4,5,6,7,8599
27/01/2017,8604.97,,2,3,4,5,6,7,8605
6/02/2017,8611.01,,2,3,4,5,6,7,8611
16/02/2017,8617.13,,2,3,4,5,6,7,8617
26/02/2017,8623.3,,2,3,4,5,6,7,8623
7/03/2017,8628.91,,2,3,4,5,6,7,8629
17/03/2017,8635.16,,2,3,4,5,6,7,8635
26/03/2017,8640.81,,2,3,4,5,6,7,8641
5/04/2017,8647.06,,2,3,4,5,6,7,8647
15/04/2017,8653.31,,2,3,4,5,6,7,8653
24/04/2017,8658.92,,2,3,4,5,6,7,8659
4/05/2017,8665.13,,2,3,4,5,6,7,8665
13/05/2017,8670.71,,2,3,4,5,6,7,8671
23/05/2017,8676.92,,2,3,4,5,6,7,8677
2/06/2017,8683.13,,2,3,4,5,6,7,8683
11/06/2017,8688.75,,2,3,4,5,6,7,8689
21/06/2017,8695.02,,2,3,4,5,6,7,8695
30/06/2017,8700.69,,2,3,4,5,6,7,8701
10/07/2017,8707.04,,2,3,4,5,6,7,8707
19/07/2017,8712.78,,2,3,4,5,6,7,8713
29/07/2017,8719.17,,2,3,4,5,6,7,8719
7/08/2017,8724.95,,2,3,4,5,6,7,8725
16/08/2017,8730.73,,2,3,4,5,6,7,8731
26/08/2017,8737.18,,2,3,4,5,6,7,8737
4/09/2017,8742.98,,2,3,4,5,6,7,8743
13/09/2017,8748.79,,2,3,4,5,6,7,8749
23/09/2017,8755.23,,2,3,4,5,6,7,8755
2/10/2017,8761.02,,2,3,4,5,6,7,8761
11/10/2017,8766.77,,2,3,4,5,6,7,8767
21/10/2017,8773.1,,2,3,4,5,6,7,8773
30/10/2017,8778.73,,2,3,4,5,6,7,8779
9/11/2017,8784.89,,2,3,4,5,6,7,8785
19/11/2017,8790.92,,2,3,4,5,6,7,8791
29/11/2017,8796.85,,2,3,4,5,6,7,8797
10/12/2017,8803.24,,2,3,4,5,6,7,8803
20/12/2017,8808.97,,2,3,4,5,6,7,8809
31/12/2017,8815.18,,2,3,4,5,6,7,8815
10/01/2018,8820.81,,2,3,4,5,6,7,8821
21/01/2018,8826.99,,2,3,4,5,6,7,8827
1/02/2018,8833.22,,2,3,4,5,6,7,8833
11/02/2018,8838.94,,2,3,4,5,6,7,8839
21/02/2018,8844.72,,2,3,4,5,6,7,8845
4/03/2018,8851.18,,2,3,4,5,6,7,8851
14/03/2018,8857.14,,2,3,4,5,6,7,8857
24/03/2018,8863.21,,2,3,4,5,6,7,8863
2/04/2018,8868.76,,2,3,4,5,6,7,8869
12/04/2018,8875.02,,2,3,4,5,6,7,8875
21/04/2018,8880.75,,2,3,4,5,6,7,8881
1/05/2018,8887.21,,2,3,4,5,6,7,8887
10/05/2018,8893.1,,2,3,4,5,6,7,8893
19/05/2018,8899.03,,2,3,4,5,6,7,8899
28/05/2018,8905.01,,2,3,4,5,6,7,8905
6/06/2018,8911.01,,2,3,4,5,6,7,8911
15/06/2018,8917,,2,3,4,5,6,7,8917
24/06/2018,8922.95,,2,3,4,5,6,7,8923
3/07/2018,8928.86,,2,3,4,5,6,7,8929
12/07/2018,8934.7,,2,3,4,5,6,7,8935
22/07/2018,8941.13,,2,3,4,5,6,7,8941
31/07/2018,8946.84,,2,3,4,5,6,7,8947
10/08/2018,8953.11,,2,3,4,5,6,7,8953
19/08/2018,8958.71,,2,3,4,5,6,7,8959
29/08/2018,8964.88,,2,3,4,5,6,7,8965
8/09/2018,8971,,2,3,4,5,6,7,8971
18/09/2018,8977.09,,2,3,4,5,6,7,8977
28/09/2018,8983.17,,2,3,4,5,6,7,8983
8/10/2018,8989.22,,2,3,4,5,6,7,8989
18/10/2018,8995.25,,2,3,4,5,6,7,8995
28/10/2018,9001.27,,2,3,4,5,6,7,9001
7/11/2018,9007.28,,2,3,4,5,6,7,9007
17/11/2018,9013.29,,2,3,4,5,6,7,9013
26/11/2018,9018.7,,2,3,4,5,6,7,9019
6/12/2018,9024.73,,2,3,4,5,6,7,9025
16/12/2018,9030.77,,2,3,4,5,6,7,9031
26/12/2018,9036.83,,2,3,4,5,6,7,9037
5/01/2019,9042.89,,2,3,4,5,6,7,9043
15/01/2019,9048.94,,2,3,4,5,6,7,9049
25/01/2019,9054.99,,2,3,4,5,6,7,9055
4/02/2019,9060.99,,2,3,4,5,6,7,9061
14/02/2019,9066.95,,2,3,4,5,6,7,9067
24/02/2019,9072.89,,2,3,4,5,6,7,9073
6/03/2019,9078.8,,2,3,4,5,6,7,9079
17/03/2019,9085.29,,2,3,4,5,6,7,9085
27/03/2019,9091.21,,2,3,4,5,6,7,9091
6/04/2019,9097.14,,2,3,4,5,6,7,9097
16/04/2019,9103.14,,2,3,4,5,6,7,9103
26/04/2019,9109.21,,2,3,4,5,6,7,9109
5/05/2019,9114.73,,2,3,4,5,6,7,9115
15/05/2019,9120.94,,2,3,4,5,6,7,9121
25/05/2019,9127.23,,2,3,4,5,6,7,9127
3/06/2019,9132.95,,2,3,4,5,6,7,9133
12/06/2019,9138.73,,2,3,4,5,6,7,9139
22/06/2019,9145.21,,2,3,4,5,6,7,9145
1/07/2019,9151.1,,2,3,4,5,6,7,9151
10/07/2019,9157.03,,2,3,4,5,6,7,9157
19/07/2019,9162.99,,2,3,4,5,6,7,9163
28/07/2019,9168.99,,2,3,4,5,6,7,9169
6/08/2019,9174.99,,2,3,4,5,6,7,9175
15/08/2019,9180.99,,2,3,4,5,6,7,9181
24/08/2019,9186.95,,2,3,4,5,6,7,9187
2/09/2019,9192.86,,2,3,4,5,6,7,9193
11/09/2019,9198.7,,2,3,4,5,6,7,9199
21/09/2019,9205.08,,2,3,4,5,6,7,9205
30/09/2019,9210.72,,2,3,4,5,6,7,9211
10/10/2019,9216.87,,2,3,4,5,6,7,9217
20/10/2019,9222.88,,2,3,4,5,6,7,9223
30/10/2019,9228.78,,2,3,4,5,6,7,9229
10/11/2019,9235.17,,2,3,4,5,6,7,9235
20/11/2019,9240.91,,2,3,4,5,6,7,9241
1/12/2019,9247.17,,2,3,4,5,6,7,9247
11/12/2019,9252.86,,2,3,4,5,6,7,9253
22/12/2019,9259.11,,2,3,4,5,6,7,9259
1/01/2020,9264.82,,2,3,4,5,6,7,9265
12/01/2020,9271.15,,2,3,4,5,6,7,9271
22/01/2020,9276.95,,2,3,4,5,6,7,9277
1/02/2020,9282.81,,2,3,4,5,6,7,9283
11/02/2020,9288.76,,2,3,4,5,6,7,9289
21/02/2020,9294.78,,2,3,4,5,6,7,9295
2/03/2020,9300.9,,2,3,4,5,6,7,9301
12/03/2020,9307.11,,2,3,4,5,6,7,9307
21/03/2020,9312.77,,2,3,4,5,6,7,9313
31/03/2020,9319.13,,2,3,4,5,6,7,9319
9/04/2020,9324.88,,2,3,4,5,6,7,9325
19/04/2020,9331.31,,2,3,4,5,6,7,9331
28/04/2020,9337.08,,2,3,4,5,6,7,9337
7/05/2020,9342.84,,2,3,4,5,6,7,9343
17/05/2020,9349.22,,2,3,4,5,6,7,9349
26/05/2020,9354.92,,2,3,4,5,6,7,9355
5/06/2020,9361.24,,2,3,4,5,6,7,9361
14/06/2020,9366.91,,2,3,4,5,6,7,9367
24/06/2020,9373.18,,2,3,4,5,6,7,9373
3/07/2020,9378.83,,2,3,4,5,6,7,9379
13/07/2020,9385.12,,2,3,4,5,6,7,9385
22/07/2020,9390.77,,2,3,4,5,6,7,9391
1/08/2020,9397.07,,2,3,4,5,6,7,9397
10/08/2020,9402.75,,2,3,4,5,6,7,9403
20/08/2020,9409.07,,2,3,4,5,6,7,9409
29/08/2020,9414.74,,2,3,4,5,6,7,9415
8/09/2020,9421.07,,2,3,4,5,6,7,9421
17/09/2020,9426.76,,2,3,4,5,6,7,9427
27/09/2020,9433.06,,2,3,4,5,6,7,9433
6/10/2020,9438.74,,2,3,4,5,6,7,9439
16/10/2020,9445.03,,2,3,4,5,6,7,9445
26/10/2020,9451.31,,2,3,4,5,6,7,9451
4/11/2020,9456.95,,2,3,4,5,6,7,9457
14/11/2020,9463.15,,2,3,4,5,6,7,9463
24/11/2020,9469.29,,2,3,4,5,6,7,9469
3/12/2020,9474.75,,2,3,4,5,6,7,9475
13/12/2020,9480.73,,2,3,4,5,6,7,9481
24/12/2020,9487.2,,2,3,4,5,6,7,9487
3/01/2021,9492.99,,2,3,4,5,6,7,9493
13/01/2021,9498.72,,2,3,4,5,6,7,9499
24/01/2021,9504.96,,2,3,4,5,6,7,9505
4/02/2021,9511.2,,2,3,4,5,6,7,9511
14/02/2021,9516.89,,2,3,4,5,6,7,9517
25/02/2021,9523.2,,2,3,4,5,6,7,9523
7/03/2021,9529,,2,3,4,5,6,7,9529
17/03/2021,9534.89,,2,3,4,5,6,7,9535
27/03/2021,9540.87,,2,3,4,5,6,7,9541
6/04/2021,9546.95,,2,3,4,5,6,7,9547
16/04/2021,9553.12,,2,3,4,5,6,7,9553
25/04/2021,9558.76,,2,3,4,5,6,7,9559
5/05/2021,9565.13,,2,3,4,5,6,7,9565
14/05/2021,9570.94,,2,3,4,5,6,7,9571
23/05/2021,9576.82,,2,3,4,5,6,7,9577
1/06/2021,9582.77,,2,3,4,5,6,7,9583
10/06/2021,9588.77,,2,3,4,5,6,7,9589
19/06/2021,9594.79,,2,3,4,5,6,7,9595
28/06/2021,9600.84,,2,3,4,5,6,7,9601
7/07/2021,9606.87,,2,3,4,5,6,7,9607
16/07/2021,9612.86,,2,3,4,5,6,7,9613
25/07/2021,9618.79,,2,3,4,5,6,7,9619
4/08/2021,9625.3,,2,3,4,5,6,7,9625
13/08/2021,9631.07,,2,3,4,5,6,7,9631
22/08/2021,9636.76,,2,3,4,5,6,7,9637
1/09/2021,9642.98,,2,3,4,5,6,7,9643
11/09/2021,9649.11,,2,3,4,5,6,7,9649
21/09/2021,9655.18,,2,3,4,5,6,7,9655
1/10/2021,9661.19,,2,3,4,5,6,7,9661
11/10/2021,9667.14,,2,3,4,5,6,7,9667
21/10/2021,9673.08,,2,3,4,5,6,7,9673
31/10/2021,9678.97,,2,3,4,5,6,7,9679
10/11/2021,9684.86,,2,3,4,5,6,7,9685
20/11/2021,9690.75,,2,3,4,5,6,7,9691
1/12/2021,9697.22,,2,3,4,5,6,7,9697
11/12/2021,9703.12,,2,3,4,5,6,7,9703
21/12/2021,9709.05,,2,3,4,5,6,7,9709
31/12/2021,9715.01,,2,3,4,5,6,7,9715
10/01/2022,9721.01,,2,3,4,5,6,7,9721
20/01/2022,9727.06,,2,3,4,5,6,7,9727
30/01/2022,9733.14,,2,3,4,5,6,7,9733
9/02/2022,9739.25,,2,3,4,5,6,7,9739
18/02/2022,9744.77,,2,3,4,5,6,7,9745
28/02/2022,9750.88,,2,3,4,5,6,7,9751
10/03/2022,9756.98,,2,3,4,5,6,7,9757
20/03/2022,9763.06,,2,3,4,5,6,7,9763
30/03/2022,9769.12,,2,3,4,5,6,7,9769
9/04/2022,9775.18,,2,3,4,5,6,7,9775
19/04/2022,9781.23,,2,3,4,5,6,7,9781
28/04/2022,9786.7,,2,3,4,5,6,7,9787
8/05/2022,9792.81,,2,3,4,5,6,7,9793
18/05/2022,9798.98,,2,3,4,5,6,7,9799
28/05/2022,9805.2,,2,3,4,5,6,7,9805
6/06/2022,9810.84,,2,3,4,5,6,7,9811
16/06/2022,9817.18,,2,3,4,5,6,7,9817
25/06/2022,9822.92,,2,3,4,5,6,7,9823
4/07/2022,9828.71,,2,3,4,5,6,7,9829
14/07/2022,9835.19,,2,3,4,5,6,7,9835
23/07/2022,9841.04,,2,3,4,5,6,7,9841
1/08/2022,9846.92,,2,3,4,5,6,7,9847
10/08/2022,9852.83,,2,3,4,5,6,7,9853
19/08/2022,9858.75,,2,3,4,5,6,7,9859
29/08/2022,9865.33,,2,3,4,5,6,7,9865
7/09/2022,9871.23,,2,3,4,5,6,7,9871
16/09/2022,9877.11,,2,3,4,5,6,7,9877
25/09/2022,9882.93,,2,3,4,5,6,7,9883
5/10/2022,9889.31,,2,3,4,5,6,7,9889
14/10/2022,9894.96,,2,3,4,5,6,7,9895
24/10/2022,9901.13,,2,3,4,5,6,7,9901
3/11/2022,9907.16,,2,3,4,5,6,7,9907
13/11/2022,9913.07,,2,3,4,5,6,7,9913
23/11/2022,9918.86,,2,3,4,5,6,7,9919
4/12/2022,9925.14,,2,3,4,5,6,7,9925
14/12/2022,9930.81,,2,3,4,5,6,7,9931
25/12/2022,9937,,2,3,4,5,6,7,9937
