19380328,86.375,87.1875,85.5625,86.375,0
19380329,87.625,88.4375,86.8125,87.625,0
19380330,87.25,87.8125,86.6875,87.25,0
19380331,86.4375,87.1875,85.6875,86.4375,0
19380401,86.6875,87.0625,86.3125,86.6875,0
19380402,85.875,86.9375,84.8125,85.875,0
19380404,84.375,84.9375,83.8125,84.375,0
19380405,84.0625,84.8125,83.3125,84.0625,0
19380406,83.6875,84.3125,83.0625,83.6875,0
19380407,84.3125,84.6875,83.9375,84.3125,0
19380408,86.875,87.6875,86.0625,86.875,0
19380409,86.5625,87.0625,86.0625,86.5625,0
19380411,86,86.6875,85.3125,86,0
19380412,84.375,84.9375,83.8125,84.375,0
19380413,84.9375,85.4375,84.4375,84.9375,0
19380414,85.875,87.0625,84.6875,85.875,0
19380416,86.8125,87.3125,86.3125,86.8125,0
19380418,86.625,87.6875,85.5625,86.625,0
19380419,87.25,87.8125,86.6875,87.25,0
19380420,86.875,87.4375,86.3125,86.875,0
19380421,87.25,87.8125,86.6875,87.25,0
19380422,86.5,87.0625,85.9375,86.5,0
19380423,86.5,86.9375,86.0625,86.5,0
19380425,85.625,85.9375,85.3125,85.625,0
19380426,85.0625,85.5625,84.5625,85.0625,0
19380427,85.125,85.6875,84.5625,85.125,0
19380428,84.6875,85.1875,84.1875,84.6875,0
19380429,84.1875,85.1875,83.1875,84.1875,0
19380430,83.375,83.8125,82.9375,83.375,0
19380502,82.9375,83.6875,82.1875,82.9375,0
19380503,82.75,83.6875,81.8125,82.75,0
19380504,82.9375,83.5625,82.3125,82.9375,0
19380505,83.375,83.9375,82.8125,83.375,0
19380506,82.9375,83.3125,82.5625,82.9375,0
19380507,84.125,84.5625,83.6875,84.125,0
19380509,83.5,84.0625,82.9375,83.5,0
19380510,82.875,83.3125,82.4375,82.875,0
19380511,83,83.9375,82.0625,83,0
19380512,83.625,84.1875,83.0625,83.625,0
19380513,83.25,83.9375,82.5625,83.25,0
19380514,83.3125,83.5625,83.0625,83.3125,0
19380516,82.5,83.4375,81.5625,82.5,0
19380517,80.875,81.4375,80.3125,80.875,0
19380518,80.9375,81.4375,80.4375,80.9375,0
19380519,80.75,81.5625,79.9375,80.75,0
19380520,80.625,81.0625,80.1875,80.625,0
19380521,81.0625,81.5625,80.5625,81.0625,0
19380523,80.25,80.9375,79.5625,80.25,0
19380524,78.75,79.3125,78.1875,78.75,0
19380525,77.8125,78.6875,76.9375,77.8125,0
19380526,77.25,78.0625,76.4375,77.25,0
19380527,77.125,77.6875,76.5625,77.125,0
19380528,74.8125,76.0625,73.5625,74.8125,0
19380531,73.3125,74.3125,72.3125,73.3125,0
19380601,73.125,73.8125,72.4375,73.125,0
19380602,73.5625,74.5625,72.5625,73.5625,0
19380603,74.8125,75.8125,73.8125,74.8125,0
19380604,75.875,76.6875,75.0625,75.875,0
19380606,76.25,76.875,75.625,76.25,0
19380607,76.0625,77.375,74.75,76.0625,0
19380608,77,77.5,76.5,77,0
19380609,77.9375,79.25,76.625,77.9375,0
19380610,78.6875,79.375,78,78.6875,0
19380611,81.375,83.375,79.375,81.375,0
19380613,81.8125,82.875,80.75,81.8125,0
19380614,82.3125,85,79.625,82.3125,0
19380615,85.5625,85.75,85.375,85.5625,0
19380616,83.75,85,82.5,83.75,0
19380617,83.1875,84.125,82.25,83.1875,0
19380618,81.9375,82.75,81.125,81.9375,0
19380620,81.3125,82.125,80.5,81.3125,0
19380621,82.1875,83.125,81.25,82.1875,0
19380622,80.75,81.5,80,80.75,0
19380623,80.8125,81.625,80,80.8125,0
19380624,80.125,80.625,79.625,80.125,0
19380625,80.4375,81.75,79.125,80.4375,0
19380627,81.625,82.5,80.75,81.625,0
19380628,80.8125,81.25,80.375,80.8125,0
19380629,80.125,80.75,79.5,80.125,0
19380630,79.9375,81.375,78.5,79.9375,0
19380701,78.0625,78.75,77.375,78.0625,0
19380702,78.4375,79.125,77.75,78.4375,0
19380705,76.0625,77,75.125,76.0625,0
19380706,76.0625,77,75.125,76.0625,0
19380707,76.875,77.625,76.125,76.875,0
19380708,76.3125,77,75.625,76.3125,0
19380709,75.875,76.25,75.5,75.875,0
19380711,75.8125,76.25,75.375,75.8125,0
19380712,77.1875,78.875,75.5,77.1875,0
19380713,78,78.875,77.125,78,0
19380714,76.625,78.375,74.875,76.625,0
19380715,74.8125,75.75,73.875,74.8125,0
19380716,73.75,74.75,72.75,73.75,0
19380718,73.1875,73.75,72.625,73.1875,0
19380719,73.875,74.375,73.375,73.875,0
19380720,73.375,74.25,72.5,73.375,0
19380721,73.375,73.875,72.875,73.375,0
19380722,73.9375,74.375,73.5,73.9375,0
19380723,73.25,73.75,72.75,73.25,0
19380725,72,72.625,71.375,72,0
19380726,71.25,71.75,70.75,71.25,0
19380727,71.375,71.875,70.875,71.375,0
19380728,71.6875,72.125,71.25,71.6875,0
19380729,71.1875,71.75,70.625,71.1875,0
19380730,71.5,72,71,71.5,0
19380801,70.5625,71,70.125,70.5625,0
19380802,70.5,71,70,70.5,0
19380803,71.0625,71.625,70.5,71.0625,0
19380804,70.375,70.75,70,70.375,0
19380805,69.3125,70.75,67.875,69.3125,0
19380806,67.625,68.375,66.875,67.625,0
19380808,67.125,68.25,66,67.125,0
19380809,66.375,67.125,65.625,66.375,0
19380810,67.5,68,67,67.5,0
19380811,66.625,67.5,65.75,66.625,0
19380812,65.625,66.25,65,65.625,0
19380813,65.875,66.375,65.375,65.875,0
19380815,64.8125,65.5,64.125,64.8125,0
19380816,64.9375,66,63.875,64.9375,0
19380817,66.8125,67.625,66,66.8125,0
19380818,67.375,68.125,66.625,67.375,0
19380819,67.4375,68.125,66.75,67.4375,0
19380820,67.8125,68.5,67.125,67.8125,0
19380822,67.3125,67.875,66.75,67.3125,0
19380823,67.1875,67.75,66.625,67.1875,0
19380824,66.75,68.125,65.375,66.75,0
19380825,65.25,66.25,64.25,65.25,0
19380826,66,66.625,65.375,66,0
19380827,67.5,68.25,66.75,67.5,0
19380829,67.5625,68.25,66.875,67.5625,0
19380830,66.8125,67.5,66.125,66.8125,0
19380831,65.875,66.625,65.125,65.875,0
19380901,65.6875,66.125,65.25,65.6875,0
19380902,65.9375,66.5,65.375,65.9375,0
19380903,65.625,65.875,65.375,65.625,0
19380906,64.375,65.375,63.375,64.375,0
19380907,63.5625,64.375,62.75,63.5625,0
19380908,63.5625,64.375,62.75,63.5625,0
19380909,64.125,64.875,63.375,64.125,0
19380910,64.75,65.375,64.125,64.75,0
19380912,64.3125,64.625,64,64.3125,0
19380913,65.625,67.75,63.5,65.625,0
19380914,67.625,70.25,65,67.625,0
19380915,66.625,67.5,65.75,66.625,0
19380916,67.3125,68,66.625,67.3125,0
19380917,68.4375,69,67.875,68.4375,0
19380919,66.6875,67.25,66.125,66.6875,0
19380920,65.5625,66,65.125,65.5625,0
19380921,65.125,66,64.25,65.125,0
19380922,65.4375,65.75,65.125,65.4375,0
19380923,66.625,67.375,65.875,66.625,0
19380924,69.0625,70.625,67.5,69.0625,0
19380926,68.75,69.75,67.75,68.75,0
19380927,67.875,68.625,67.125,67.875,0
19380928,67.875,69.75,66,67.875,0
19380929,66.625,67.125,66.125,66.625,0
19380930,65.8125,66.5,65.125,65.8125,0
19381001,65.25,65.5,65,65.25,0
19381003,65.8125,66.125,65.5,65.8125,0
19381004,64.75,65.125,64.375,64.75,0
19381005,64.9375,65.75,64.125,64.9375,0
19381006,65.6875,66.125,65.25,65.6875,0
19381007,65.875,66.75,65,65.875,0
19381008,66.4375,66.875,66,66.4375,0
19381010,66.125,66.625,65.625,66.125,0
19381011,66,66.375,65.625,66,0
19381013,66.375,66.75,66,66.375,0
19381014,66.8125,67.25,66.375,66.8125,0
19381015,66.9375,67.125,66.75,66.9375,0
19381017,66.5625,67,66.125,66.5625,0
19381018,65.9375,66.125,65.75,65.9375,0
19381019,66.3125,66.75,65.875,66.3125,0
19381020,66.8125,67.625,66,66.8125,0
19381021,67.8125,68.25,67.375,67.8125,0
19381022,68,68.5,67.5,68,0
19381024,67.5,68,67,67.5,0
19381025,67,67.5,66.5,67,0
19381026,67.125,67.75,66.5,67.125,0
19381027,67,67.375,66.625,67,0
19381028,66.6875,67.125,66.25,66.6875,0
19381029,66.5,66.75,66.25,66.5,0
19381031,66.375,66.625,66.125,66.375,0
19381101,65.75,66.625,64.875,65.75,0
19381102,64.9375,65.25,64.625,64.9375,0
19381103,64.5625,65,64.125,64.5625,0
19381104,65.3125,65.875,64.75,65.3125,0
19381105,65.5,65.75,65.25,65.5,0
19381107,65.1875,65.5,64.875,65.1875,0
19381109,65.9375,66.25,65.625,65.9375,0
19381110,65.5625,65.875,65.25,65.5625,0
19381112,65.9375,66.125,65.75,65.9375,0
19381114,65.8125,66,65.625,65.8125,0
19381115,66.125,66.25,66,66.125,0
19381116,65.875,66.125,65.625,65.875,0
19381117,66.5,67,66,66.5,0
19381118,66.5625,67,66.125,66.5625,0
19381119,65.6875,66.125,65.25,65.6875,0
19381121,65.1875,65.5,64.875,65.1875,0
19381122,65.375,65.5,65.25,65.375,0
19381123,65.5,65.875,65.125,65.5,0
19381125,65.4375,65.875,65,65.4375,0
19381126,65.1875,65.375,65,65.1875,0
19381128,65.5,65.75,65.25,65.5,0
19381129,65.625,65.875,65.375,65.625,0
19381130,65.75,66.125,65.375,65.75,0
19381201,66.125,66.625,65.625,66.125,0
19381202,66.375,66.75,66,66.375,0
19381203,66.0625,66.375,65.75,66.0625,0
19381205,66,66.5,65.5,66,0
19381206,66.875,67.125,66.625,66.875,0
19381207,66.75,67.125,66.375,66.75,0
19381208,66.9375,67.125,66.75,66.9375,0
19381209,67.125,67.5,66.75,67.125,0
19381210,66.625,66.875,66.375,66.625,0
19381212,66.8125,67.25,66.375,66.8125,0
19381213,66.1875,66.375,66,66.1875,0
19381214,66.4375,66.875,66,66.4375,0
19381215,66.625,67,66.25,66.625,0
19381216,66.1875,66.375,66,66.1875,0
19381217,65.875,66.125,65.625,65.875,0
19381219,66.3125,66.5,66.125,66.3125,0
19381220,66.125,66.375,65.875,66.125,0
19381221,66.1875,66.375,66,66.1875,0
19381222,66.4375,66.75,66.125,66.4375,0
19381223,66.9375,67.125,66.75,66.9375,0
19381224,67.0625,67.25,66.875,67.0625,0
19381227,67.6875,68.125,67.25,67.6875,0
19381228,68.125,68.375,67.875,68.125,0
19381229,68.8125,69.125,68.5,68.8125,0
19381230,68.625,69,68.25,68.625,0
19381231,68.6875,69,68.375,68.6875,0
19390103,70,71,69,70,0
19390104,70.9375,71.375,70.5,70.9375,0
19390105,70.25,70.625,69.875,70.25,0
19390106,69.8125,70.125,69.5,69.8125,0
19390107,70.0625,70.625,69.5,70.0625,0
19390109,69.3125,69.875,68.75,69.3125,0
19390110,69,69.25,68.75,69,0
19390111,69.375,69.5,69.25,69.375,0
19390112,69.4375,69.75,69.125,69.4375,0
19390113,69.0625,69.375,68.75,69.0625,0
19390114,68.75,68.875,68.625,68.75,0
19390116,68.75,69.125,68.375,68.75,0
19390117,68.75,69,68.5,68.75,0
19390118,69.4375,69.875,69,69.4375,0
19390119,69.6875,70,69.375,69.6875,0
19390120,69.6875,70,69.375,69.6875,0
19390121,69.5,69.75,69.25,69.5,0
19390123,69.25,69.75,68.75,69.25,0
19390124,69.375,70,68.75,69.375,0
19390125,70.0625,70.375,69.75,70.0625,0
19390126,69.875,70.375,69.375,69.875,0
19390127,69.6875,69.875,69.5,69.6875,0
19390128,69.5,69.75,69.25,69.5,0
19390130,69.4375,69.75,69.125,69.4375,0
19390131,68.75,69.125,68.375,68.75,0
19390201,68.8125,69,68.625,68.8125,0
19390202,69.25,69.75,68.75,69.25,0
19390203,68.8125,69,68.625,68.8125,0
19390204,68.5,68.625,68.375,68.5,0
19390206,68.4375,68.625,68.25,68.4375,0
19390207,68,68.375,67.625,68,0
19390208,68.375,68.625,68.125,68.375,0
19390209,67.875,68.375,67.375,67.875,0
19390210,67.5,67.875,67.125,67.5,0
19390211,67.5,67.75,67.25,67.5,0
19390214,67.8125,68.125,67.5,67.8125,0
19390215,68,68.25,67.75,68,0
19390216,67.8125,68,67.625,67.8125,0
19390217,68.25,68.5,68,68.25,0
19390218,68.25,68.5,68,68.25,0
19390220,68.6875,69,68.375,68.6875,0
19390221,68.875,69.125,68.625,68.875,0
19390223,68.875,69.125,68.625,68.875,0
19390224,68.625,68.75,68.5,68.625,0
19390225,68.8125,69.125,68.5,68.8125,0
19390227,68.5,68.75,68.25,68.5,0
19390228,68.125,68.375,67.875,68.125,0
19390301,68.75,69,68.5,68.75,0
19390302,68.8125,69,68.625,68.8125,0
19390303,68.8125,69,68.625,68.8125,0
19390304,69,69.125,68.875,69,0
19390306,68.875,69.125,68.625,68.875,0
19390307,68.6875,68.875,68.5,68.6875,0
19390308,68.25,68.5,68,68.25,0
19390309,68,68.25,67.75,68,0
19390310,68.0625,68.25,67.875,68.0625,0
19390311,68.3125,68.375,68.25,68.3125,0
19390313,68,68.125,67.875,68,0
19390314,67.6875,67.875,67.5,67.6875,0
19390315,68.0625,68.5,67.625,68.0625,0
19390316,67.375,67.875,66.875,67.375,0
19390317,67.4375,68.125,66.75,67.4375,0
19390318,68.375,68.75,68,68.375,0
19390320,68,68.25,67.75,68,0
19390321,67.3125,67.75,66.875,67.3125,0
19390322,68.125,68.5,67.75,68.125,0
19390323,67.6875,67.875,67.5,67.6875,0
19390324,67.4375,67.75,67.125,67.4375,0
19390325,67.75,68,67.5,67.75,0
19390327,67.375,67.625,67.125,67.375,0
19390328,67.625,67.875,67.375,67.625,0
19390329,67.625,67.875,67.375,67.625,0
19390330,67.6875,68,67.375,67.6875,0
19390331,68,68.25,67.75,68,0
19390401,67.875,68.25,67.5,67.875,0
19390403,67.0625,67.25,66.875,67.0625,0
19390404,67.1875,67.375,67,67.1875,0
19390405,67,67.375,66.625,67,0
19390406,67.125,67.25,67,67.125,0
19390408,68.0625,68.75,67.375,68.0625,0
19390410,68.25,68.5,68,68.25,0
19390411,68.4375,69.125,67.75,68.4375,0
19390412,68,68.125,67.875,68,0
19390413,68.25,68.5,68,68.25,0
19390414,68.4375,68.625,68.25,68.4375,0
19390415,68,68.375,67.625,68,0
19390417,68.125,68.25,68,68.125,0
19390418,67.9375,68.125,67.75,67.9375,0
19390419,68.0625,68.25,67.875,68.0625,0
19390420,68.3125,68.5,68.125,68.3125,0
19390421,68,68.125,67.875,68,0
19390422,68.0625,68.25,67.875,68.0625,0
19390424,68,68.125,67.875,68,0
19390425,68.5625,69.25,67.875,68.5625,0
19390426,69.375,69.75,69,69.375,0
19390427,70,70.5,69.5,70,0
19390428,70.75,71.75,69.75,70.75,0
19390429,72,72.625,71.375,72,0
19390501,72.875,74,71.75,72.875,0
19390502,73.0625,73.625,72.5,73.0625,0
19390503,72.5,73,72,72.5,0
19390504,73.25,74,72.5,73.25,0
19390505,73.75,74.5,73,73.75,0
19390506,73.875,74.375,73.375,73.875,0
19390508,72.6875,73,72.375,72.6875,0
19390509,73.4375,74.375,72.5,73.4375,0
19390510,74.25,74.875,73.625,74.25,0
19390511,74.5625,75.25,73.875,74.5625,0
19390512,73.9375,74.375,73.5,73.9375,0
19390513,74.25,75,73.5,74.25,0
19390515,74.875,75.25,74.5,74.875,0
19390516,74,74.625,73.375,74,0
19390517,73.5,74,73,73.5,0
19390518,73.625,74.375,72.875,73.625,0
19390519,74.75,75.25,74.25,74.75,0
19390520,74.125,74.5,73.75,74.125,0
19390522,74.5625,75.125,74,74.5625,0
19390523,74.9375,75.625,74.25,74.9375,0
19390524,77,78,76,77,0
19390525,77.625,78.25,77,77.625,0
19390526,78,79.25,76.75,78,0
19390527,78.3125,79,77.625,78.3125,0
19390529,77.75,78.25,77.25,77.75,0
19390531,78.6875,79.25,78.125,78.6875,0
19390601,78.5625,79.25,77.875,78.5625,0
19390602,77.4375,77.75,77.125,77.4375,0
19390603,77.5,77.875,77.125,77.5,0
19390605,76.6875,77.5,75.875,76.6875,0
19390606,76.1875,76.625,75.75,76.1875,0
19390607,76.1875,76.625,75.75,76.1875,0
19390608,76.25,76.75,75.75,76.25,0
19390609,75.625,76,75.25,75.625,0
19390610,75.625,76,75.25,75.625,0
19390612,74.8125,75.5,74.125,74.8125,0
19390613,73.8125,74.375,73.25,73.8125,0
19390614,74.3125,74.625,74,74.3125,0
19390615,74.25,74.75,73.75,74.25,0
19390616,73.5625,74.125,73,73.5625,0
19390617,72.8125,73.375,72.25,72.8125,0
19390619,71.75,72.375,71.125,71.75,0
19390620,71.625,72,71.25,71.625,0
19390621,71.5,72.25,70.75,71.5,0
19390622,70.375,71,69.75,70.375,0
19390623,70.5625,71.25,69.875,70.5625,0
19390624,71.1875,71.625,70.75,71.1875,0
19390626,70.4375,70.875,70,70.4375,0
19390627,71.75,72.25,71.25,71.75,0
19390628,72.5,73,72,72.5,0
19390629,72.9375,73.375,72.5,72.9375,0
19390630,72.625,73.25,72,72.625,0
19390701,72.5625,73.25,71.875,72.5625,0
19390703,71,71.875,70.125,71,0
19390705,70.4375,71,69.875,70.4375,0
19390706,70.9375,71.5,70.375,70.9375,0
19390707,69.875,70.625,69.125,69.875,0
19390708,68.3125,68.875,67.75,68.3125,0
19390710,67.25,67.75,66.75,67.25,0
19390711,67.9375,68.375,67.5,67.9375,0
19390712,66.875,67.625,66.125,66.875,0
19390713,66.375,66.875,65.875,66.375,0
19390714,67,67.625,66.375,67,0
19390715,67.1875,67.5,66.875,67.1875,0
19390717,66.75,67.125,66.375,66.75,0
19390718,67.0625,67.75,66.375,67.0625,0
19390719,67.375,67.875,66.875,67.375,0
19390720,65.8125,66.625,65,65.8125,0
19390721,65.1875,65.75,64.625,65.1875,0
19390722,64.875,65.625,64.125,64.875,0
19390724,62.75,64.375,61.125,62.75,0
19390725,62.3125,62.75,61.875,62.3125,0
19390726,62.75,63.625,61.875,62.75,0
19390727,64.1875,64.875,63.5,64.1875,0
19390728,64.75,65.5,64,64.75,0
19390729,65,65.625,64.375,65,0
19390731,65.8125,66.25,65.375,65.8125,0
19390801,64.9375,65.5,64.375,64.9375,0
19390802,65.25,66,64.5,65.25,0
19390803,64.1875,64.75,63.625,64.1875,0
19390804,64.3125,65,63.625,64.3125,0
19390805,64.0625,64.5,63.625,64.0625,0
19390807,63.4375,63.875,63,63.4375,0
19390808,63.375,63.75,63,63.375,0
19390809,62.9375,63.25,62.625,62.9375,0
19390810,63.8125,64.5,63.125,63.8125,0
19390811,63.75,64.375,63.125,63.75,0
19390812,63.25,63.75,62.75,63.25,0
19390814,63.875,64.375,63.375,63.875,0
19390815,64.1875,64.625,63.75,64.1875,0
19390816,64.3125,65,63.625,64.3125,0
19390817,64.75,65.125,64.375,64.75,0
19390818,64.4375,64.875,64,64.4375,0
19390819,65.25,65.625,64.875,65.25,0
19390821,66.5625,67.125,66,66.5625,0
19390822,66.5,67.125,65.875,66.5,0
19390823,68.25,70,66.5,68.25,0
19390824,69.75,72.125,67.375,69.75,0
19390825,68.375,69.625,67.125,68.375,0
19390826,66,66.875,65.125,66,0
19390828,68.0625,69.125,67,68.0625,0
19390829,66.375,66.75,66,66.375,0
19390830,66.4375,67.25,65.625,66.4375,0
19390831,67.75,68.25,67.25,67.75,0
19390901,72.625,72.625,72.625,72.625,0
19390902,76.625,77.625,75.625,76.625,0
19390905,81,81,81,81,0
19390906,86,86,86,86,0
19390907,85,88.375,81.625,85,0
19390908,85.625,87.125,84.125,85.625,0
19390909,82.375,83.625,81.125,82.375,0
19390911,82.875,83.875,81.875,82.875,0
19390912,81.875,83,80.75,81.875,0
19390913,83.3125,85.375,81.25,83.3125,0
19390914,86.375,87.625,85.125,86.375,0
19390915,86.125,87.375,84.875,86.125,0
19390916,85.6875,86.625,84.75,85.6875,0
19390918,84.75,86,83.5,84.75,0
19390919,83.6875,85.375,82,83.6875,0
19390920,85.6875,87,84.375,85.6875,0
19390921,85.0625,86.125,84,85.0625,0
19390922,85.875,86.5,85.25,85.875,0
19390923,85.125,85.5,84.75,85.125,0
19390925,85,85.625,84.375,85,0
19390926,84.4375,85.125,83.75,84.4375,0
19390927,84.75,85.25,84.25,84.75,0
19390928,82.625,83.625,81.625,82.625,0
19390929,81.125,82,80.25,81.125,0
19390930,82.8125,83.75,81.875,82.8125,0
19391002,82,82.625,81.375,82,0
19391003,80.875,82.375,79.375,80.875,0
19391004,80.0625,81,79.125,80.0625,0
19391005,80.875,81.5,80.25,80.875,0
19391006,82.75,83.625,81.875,82.75,0
19391007,80.75,81.5,80,80.75,0
19391009,79.4375,80.125,78.75,79.4375,0
19391010,81.3125,82.125,80.5,81.3125,0
19391011,81.9375,82.625,81.25,81.9375,0
19391013,82.5,83,82,82.5,0
19391014,81.9375,82.25,81.625,81.9375,0
19391016,82.75,83.875,81.625,82.75,0
19391017,84.8125,85.5,84.125,84.8125,0
19391018,85.1875,85.625,84.75,85.1875,0
19391019,84.9375,85.375,84.5,84.9375,0
19391020,83.8125,84.25,83.375,83.8125,0
19391021,84.3125,84.75,83.875,84.3125,0
19391023,84.3125,85.125,83.5,84.3125,0
19391024,83.5625,84,83.125,83.5625,0
19391025,83.8125,84.25,83.375,83.8125,0
19391026,83.4375,83.75,83.125,83.4375,0
19391027,83.8125,84.75,82.875,83.8125,0
19391028,85.25,85.875,84.625,85.25,0
19391030,85.5625,86.125,85,85.5625,0
19391031,85.1875,85.75,84.625,85.1875,0
19391101,85.5625,85.875,85.25,85.5625,0
19391102,85.375,85.875,84.875,85.375,0
19391103,86.25,87.125,85.375,86.25,0
19391104,86.9375,87.375,86.5,86.9375,0
19391106,86.75,87.25,86.25,86.75,0
19391107,86.9375,87.5,86.375,86.9375,0
19391108,86.6875,87,86.375,86.6875,0
19391109,85.75,86.625,84.875,85.75,0
19391110,85.1875,86.125,84.25,85.1875,0
19391113,85.6875,86.25,85.125,85.6875,0
19391114,85.5625,85.875,85.25,85.5625,0
19391115,85.25,85.625,84.875,85.25,0
19391116,84.8125,85.25,84.375,84.8125,0
19391117,84.9375,85.25,84.625,84.9375,0
19391118,84.875,85.25,84.5,84.875,0
19391120,85.25,85.625,84.875,85.25,0
19391121,85.625,86,85.25,85.625,0
19391122,85.375,85.625,85.125,85.375,0
19391124,85.125,85.75,84.5,85.125,0
19391125,84.9375,85.125,84.75,84.9375,0
19391127,85.5,85.75,85.25,85.5,0
19391128,86.375,86.875,85.875,86.375,0
19391129,87.1875,87.625,86.75,87.1875,0
19391130,87.625,88.375,86.875,87.625,0
19391201,88.125,88.5,87.75,88.125,0
19391202,88.4375,88.75,88.125,88.4375,0
19391204,88.375,88.875,87.875,88.375,0
19391205,90.75,92,89.5,90.75,0
19391206,92.5,93.5,91.5,92.5,0
19391207,94.5,96.125,92.875,94.5,0
19391208,94,95,93,94,0
19391209,94.25,95,93.5,94.25,0
19391211,95,96.375,93.625,95,0
19391212,94.375,95,93.75,94.375,0
19391213,97.5,99.375,95.625,97.5,0
19391214,100.125,101.25,99,100.125,0
19391215,100.0625,101.625,98.5,100.0625,0
19391216,103.1875,105,101.375,103.1875,0
19391218,107,109.125,104.875,107,0
19391219,106.6875,109.25,104.125,106.6875,0
19391220,104.875,106.5,103.25,104.875,0
19391221,104.6875,105.875,103.5,104.6875,0
19391222,103.625,105.125,102.125,103.625,0
19391223,101.25,102,100.5,101.25,0
19391226,101.5,103.125,99.875,101.5,0
19391227,101.75,102.75,100.75,101.75,0
19391228,101.625,102.625,100.625,101.625,0
19391229,102.4375,103,101.875,102.4375,0
19391230,102.375,103,101.75,102.375,0
19400102,104.625,106,103.25,104.625,0
19400103,105.6875,106.625,104.75,105.6875,0
19400104,105.125,106.125,104.125,105.125,0
19400105,104,104.625,103.375,104,0
19400106,103.0625,103.5,102.625,103.0625,0
19400108,102.125,102.625,101.625,102.125,0
19400109,101.625,103,100.25,101.625,0
19400110,100.25,101.25,99.25,100.25,0
19400111,100.0625,101.5,98.625,100.0625,0
19400112,97.9375,98.75,97.125,97.9375,0
19400113,98.25,99,97.5,98.25,0
19400115,99,99.875,98.125,99,0
19400116,99.125,100.125,98.125,99.125,0
19400117,99.1875,100.25,98.125,99.1875,0
19400118,100.3125,101.125,99.5,100.3125,0
19400119,100.5,101.125,99.875,100.5,0
19400120,99.8125,100.375,99.25,99.8125,0
19400122,99.6875,100.125,99.25,99.6875,0
19400123,99,99.625,98.375,99,0
19400124,98.6875,99.5,97.875,98.6875,0
19400125,98.5,99.375,97.625,98.5,0
19400126,97.75,98.25,97.25,97.75,0
19400127,97.8125,98.375,97.25,97.8125,0
19400129,96.6875,97.5,95.875,96.6875,0
19400130,95.625,96.125,95.125,95.625,0
19400131,95.875,96.5,95.25,95.875,0
19400201,94.8125,95.25,94.375,94.8125,0
19400202,95.6875,96.25,95.125,95.6875,0
19400203,95.4375,95.875,95,95.4375,0
19400205,95.9375,96.625,95.25,95.9375,0
19400206,96.875,97.75,96,96.875,0
19400207,97.375,97.75,97,97.375,0
19400208,97.875,98.875,96.875,97.875,0
19400209,99,99.625,98.375,99,0
19400210,98.5625,99.125,98,98.5625,0
19400213,98.8125,99.375,98.25,98.8125,0
19400214,98.375,99,97.75,98.375,0
19400215,98.8125,99.375,98.25,98.8125,0
19400216,101.125,103.625,98.625,101.125,0
19400217,102.9375,104,101.875,102.9375,0
19400219,102.5,103.375,101.625,102.5,0
19400220,103.875,105.875,101.875,103.875,0
19400221,105.5625,106.625,104.5,105.5625,0
19400223,106.25,107.125,105.375,106.25,0
19400224,104.75,105.5,104,104.75,0
19400226,102.9375,104,101.875,102.9375,0
19400227,101.875,103,100.75,101.875,0
19400228,102.5625,103.375,101.75,102.5625,0
19400229,103.125,103.875,102.375,103.125,0
19400301,101.25,102.25,100.25,101.25,0
19400302,99.875,100.375,99.375,99.875,0
19400304,100.5,101.25,99.75,100.5,0
19400305,101.1875,102.625,99.75,101.1875,0
19400306,102.625,103.375,101.875,102.625,0
19400307,103.3125,104.375,102.25,103.3125,0
19400308,103.3125,104.25,102.375,103.3125,0
19400309,102.9375,103.875,102,102.9375,0
19400311,103.8125,104.75,102.875,103.8125,0
19400312,103.3125,104.25,102.375,103.3125,0
19400313,101.625,102.875,100.375,101.625,0
19400314,101.375,102.125,100.625,101.375,0
19400315,100.875,101.625,100.125,100.875,0
19400316,100.625,101.5,99.75,100.625,0
19400318,100.625,101.375,99.875,100.625,0
19400319,101.9375,102.75,101.125,101.9375,0
19400320,104.3125,105.625,103,104.3125,0
19400321,105.4375,106.125,104.75,105.4375,0
19400323,105,105.375,104.625,105,0
19400325,105.9375,106.875,105,105.9375,0
19400326,106,106.625,105.375,106,0
19400327,105.625,106.25,105,105.625,0
19400328,105.75,106.5,105,105.75,0
19400329,104.8125,105.5,104.125,104.8125,0
19400330,104.75,105.125,104.375,104.75,0
19400401,106.25,107.25,105.25,106.25,0
19400402,105.4375,106,104.875,105.4375,0
19400403,104.9375,105.75,104.125,104.9375,0
19400404,105.9375,106.625,105.25,105.9375,0
19400405,106.875,107.375,106.375,106.875,0
19400406,104.875,105.625,104.125,104.875,0
19400408,104.625,105.125,104.125,104.625,0
19400409,108.5,109.875,107.125,108.5,0
19400410,108.0625,108.5,107.625,108.0625,0
19400411,108.25,108.875,107.625,108.25,0
19400412,108.25,108.75,107.75,108.25,0
19400413,108.0625,108.625,107.5,108.0625,0
19400415,109.125,109.75,108.5,109.125,0
19400416,110.3125,111.125,109.5,110.3125,0
19400417,110.3125,110.75,109.875,110.3125,0
19400418,111.3125,112.625,110,111.3125,0
19400419,111.5625,112.375,110.75,111.5625,0
19400420,111.3125,111.875,110.75,111.3125,0
19400422,111.875,112.875,110.875,111.875,0
19400423,110.625,111.25,110,110.625,0
19400424,110.5625,111,110.125,110.5625,0
19400425,109.75,110.25,109.25,109.75,0
19400426,108.5625,109.25,107.875,108.5625,0
19400427,108.25,109,107.5,108.25,0
19400429,108.5,109.375,107.625,108.5,0
19400430,108.625,109.375,107.875,108.625,0
19400501,107.0625,108.375,105.75,107.0625,0
19400502,105.875,106.625,105.125,105.875,0
19400503,106.625,107.625,105.625,106.625,0
19400504,107.5,108,107,107.5,0
19400506,106.5625,107.25,105.875,106.5625,0
19400507,105.8125,106.5,105.125,105.8125,0
19400508,105.5625,106.75,104.375,105.5625,0
19400509,106.5,107.125,105.875,106.5,0
19400510,109.625,110.625,108.625,109.625,0
19400511,109.875,110.375,109.375,109.875,0
19400513,108.4375,109.625,107.25,108.4375,0
19400514,102.0625,106.875,97.25,102.0625,0
19400515,91.4375,95.625,87.25,91.4375,0
19400516,88,91.125,84.875,88,0
19400517,88.125,90.625,85.625,88.125,0
19400518,80.8125,85.375,76.25,80.8125,0
19400520,85.375,87.125,83.625,85.375,0
19400521,83.125,84.625,81.625,83.125,0
19400522,84.875,86.125,83.625,84.875,0
19400523,84.5,85.625,83.375,84.5,0
19400524,84.1875,85,83.375,84.1875,0
19400525,85.6875,86.625,84.75,85.6875,0
19400527,86.125,86.875,85.375,86.125,0
19400528,83.9375,85.25,82.625,83.9375,0
19400529,85.0625,85.5,84.625,85.0625,0
19400531,84.3125,85.625,83,84.3125,0
19400601,83.3125,83.875,82.75,83.3125,0
19400603,83.4375,84.0625,82.8125,83.4375,0
19400604,83.0625,83.8125,82.3125,83.0625,0
19400605,81.75,83.0625,80.4375,81.75,0
19400606,81.6875,82.3125,81.0625,81.6875,0
19400607,83.125,83.6875,82.5625,83.125,0
19400608,83,83.5625,82.4375,83,0
19400610,83.875,86.0625,81.6875,83.875,0
19400611,85.0625,86.0625,84.0625,85.0625,0
19400612,85.5,86.5625,84.4375,85.5,0
19400613,82.3125,84.5625,80.0625,82.3125,0
19400614,80.4375,82.5625,78.3125,80.4375,0
19400615,81.8125,82.5625,81.0625,81.8125,0
19400617,78.3125,80.8125,75.8125,78.3125,0
19400618,80.0625,80.8125,79.3125,80.0625,0
19400619,79.3125,80.3125,78.3125,79.3125,0
19400620,80.0625,80.6875,79.4375,80.0625,0
19400621,80.0625,80.3125,79.8125,80.0625,0
19400622,80.875,81.8125,79.9375,80.875,0
19400624,81.375,81.9375,80.8125,81.375,0
19400625,80.5625,81.3125,79.8125,80.5625,0
19400626,79.75,80.5625,78.9375,79.75,0
19400627,80.125,81.0625,79.1875,80.125,0
19400628,79,79.9375,78.0625,79,0
19400629,77.5625,78.5625,76.5625,77.5625,0
19400701,76.6875,77.5625,75.8125,76.6875,0
19400702,77.625,78.3125,76.9375,77.625,0
19400703,79.25,81.1875,77.3125,79.25,0
19400705,80.5,81.6875,79.3125,80.5,0
19400706,79,79.4375,78.5625,79,0
19400708,79.3125,80.8125,77.8125,79.3125,0
19400709,78.0625,78.8125,77.3125,78.0625,0
19400710,77.4375,78.0625,76.8125,77.4375,0
19400711,76.6875,77.3125,76.0625,76.6875,0
19400712,76.3125,76.8125,75.8125,76.3125,0
19400713,76.25,76.6875,75.8125,76.25,0
19400715,75.75,76.3125,75.1875,75.75,0
19400716,76.4375,77.6875,75.1875,76.4375,0
19400717,76.8125,77.4375,76.1875,76.8125,0
19400718,76.4375,76.9375,75.9375,76.4375,0
19400719,76.6875,77.4375,75.9375,76.6875,0
19400720,76.375,76.8125,75.9375,76.375,0
19400722,75.9375,76.4375,75.4375,75.9375,0
19400723,75.4375,75.9375,74.9375,75.4375,0
19400724,76.625,77.5625,75.6875,76.625,0
19400725,76.4375,76.9375,75.9375,76.4375,0
19400726,76.3125,76.6875,75.9375,76.3125,0
19400727,75.9375,76.1875,75.6875,75.9375,0
19400729,76.25,76.8125,75.6875,76.25,0
19400730,77.3125,77.9375,76.6875,77.3125,0
19400731,77.6875,78.3125,77.0625,77.6875,0
19400801,77.4375,77.6875,77.1875,77.4375,0
19400802,77.125,77.5625,76.6875,77.125,0
19400803,76.5625,76.8125,76.3125,76.5625,0
19400805,76.375,76.5625,76.1875,76.375,0
19400806,76.75,77.5625,75.9375,76.75,0
19400807,75.9375,76.4375,75.4375,75.9375,0
19400808,75.9375,76.3125,75.5625,75.9375,0
19400809,75.6875,75.9375,75.4375,75.6875,0
19400810,75.375,75.8125,74.9375,75.375,0
19400812,75.8125,76.3125,75.3125,75.8125,0
19400813,75.0625,76.0625,74.0625,75.0625,0
19400814,74.9375,75.1875,74.6875,74.9375,0
19400815,74.5625,75.0625,74.0625,74.5625,0
19400816,71.75,73.9375,69.5625,71.75,0
19400817,71.375,72.1875,70.5625,71.375,0
19400819,71.3125,71.9375,70.6875,71.3125,0
19400820,72.3125,73.1875,71.4375,72.3125,0
19400821,72.875,73.5625,72.1875,72.875,0
19400822,73.3125,73.8125,72.8125,73.3125,0
19400823,72.75,73.3125,72.1875,72.75,0
19400824,72.25,72.5625,71.9375,72.25,0
19400826,72.9375,73.6875,72.1875,72.9375,0
19400827,74.1875,75.0625,73.3125,74.1875,0
19400828,75.125,75.5625,74.6875,75.125,0
19400829,75,75.4375,74.5625,75,0
19400830,75.625,76.5625,74.6875,75.625,0
19400831,76.1875,76.5625,75.8125,76.1875,0
19400903,76.8125,77.4375,76.1875,76.8125,0
19400904,77.75,78.5625,76.9375,77.75,0
19400905,78.625,79.4375,77.8125,78.625,0
19400906,78.1875,78.8125,77.5625,78.1875,0
19400907,77.5,77.8125,77.1875,77.5,0
19400909,76.625,77.1875,76.0625,76.625,0
19400910,77.0625,77.5625,76.5625,77.0625,0
19400911,77.5,78.1875,76.8125,77.5,0
19400912,76.9375,77.5625,76.3125,76.9375,0
19400913,77.125,77.5625,76.6875,77.125,0
19400914,77.0625,77.3125,76.8125,77.0625,0
19400916,77.6875,78.0625,77.3125,77.6875,0
19400917,77.75,78.0625,77.4375,77.75,0
19400918,78.0625,78.5625,77.5625,78.0625,0
19400919,78.4375,78.8125,78.0625,78.4375,0
19400920,78.5,78.8125,78.1875,78.5,0
19400921,78.875,79.1875,78.5625,78.875,0
19400923,79.625,80.5625,78.6875,79.625,0
19400924,80.25,80.5625,79.9375,80.25,0
19400925,80.375,80.9375,79.8125,80.375,0
19400926,80.6875,81.1875,80.1875,80.6875,0
19400927,80.75,81.4375,80.0625,80.75,0
19400928,82.125,83.1875,81.0625,82.125,0
19400930,83.375,83.8125,82.9375,83.375,0
19401001,83.9375,84.6875,83.1875,83.9375,0
19401002,82.875,83.3125,82.4375,82.875,0
19401003,83.0625,83.4375,82.6875,83.0625,0
19401004,82.25,82.5625,81.9375,82.25,0
19401005,82.8125,83.6875,81.9375,82.8125,0
19401007,83.6875,84.3125,83.0625,83.6875,0
19401008,83.125,83.5625,82.6875,83.125,0
19401009,83,83.3125,82.6875,83,0
19401010,83.8125,84.1875,83.4375,83.8125,0
19401011,84.5,85.3125,83.6875,84.5,0
19401014,85.3125,85.6875,84.9375,85.3125,0
19401015,85.25,85.8125,84.6875,85.25,0
19401016,85.875,86.3125,85.4375,85.875,0
19401017,86.25,86.9375,85.5625,86.25,0
19401018,86.5,86.9375,86.0625,86.5,0
19401019,86.4375,86.8125,86.0625,86.4375,0
19401021,86.1875,86.5625,85.8125,86.1875,0
19401022,87.25,87.8125,86.6875,87.25,0
19401023,88.125,88.6875,87.5625,88.125,0
19401024,88.0625,88.6875,87.4375,88.0625,0
19401025,87.125,87.4375,86.8125,87.125,0
19401026,86.4375,87.8125,85.0625,86.4375,0
19401028,85.4375,86.0625,84.8125,85.4375,0
19401029,85.25,86.0625,84.4375,85.25,0
19401030,84.4375,85.0625,83.8125,84.4375,0
19401031,84.5,85.1875,83.8125,84.5,0
19401101,84.8125,85.4375,84.1875,84.8125,0
19401102,84.6875,85.0625,84.3125,84.6875,0
19401104,85.5,86.125,84.875,85.5,0
19401106,84.875,86.125,83.625,84.875,0
19401107,85.9375,87.625,84.25,85.9375,0
19401108,88.25,88.875,87.625,88.25,0
19401109,88.875,89.5,88.25,88.875,0
19401112,88.875,89.25,88.5,88.875,0
19401113,88.5625,89.125,88,88.5625,0
19401114,90.375,91.125,89.625,90.375,0
19401115,90.75,91.375,90.125,90.75,0
19401116,90.25,91.125,89.375,90.25,0
19401118,90.9375,91.625,90.25,90.9375,0
19401119,90.25,90.75,89.75,90.25,0
19401120,89,89.875,88.125,89,0
19401122,89,89.5,88.5,89,0
19401123,88.9375,89.375,88.5,88.9375,0
19401125,89.25,89.875,88.625,89.25,0
19401126,88.8125,89.25,88.375,88.8125,0
19401127,88,88.625,87.375,88,0
19401128,88.8125,89.375,88.25,88.8125,0
19401129,88.9375,89.375,88.5,88.9375,0
19401130,88.9375,89.25,88.625,88.9375,0
19401202,89.25,89.75,88.75,89.25,0
19401203,88.6875,89.125,88.25,88.6875,0
19401204,88.3125,88.625,88,88.3125,0
19401205,88.375,88.625,88.125,88.375,0
19401206,87.5625,88.25,86.875,87.5625,0
19401207,87.25,87.875,86.625,87.25,0
19401209,87.375,87.875,86.875,87.375,0
19401210,87.75,88.125,87.375,87.75,0
19401211,87.9375,88.25,87.625,87.9375,0
19401212,87.5625,88,87.125,87.5625,0
19401213,87.1875,87.75,86.625,87.1875,0
19401214,86.1875,86.5,85.875,86.1875,0
19401216,84.9375,85.75,84.125,84.9375,0
19401217,84.5625,85,84.125,84.5625,0
19401218,85.0625,85.375,84.75,85.0625,0
19401219,84.875,85.375,84.375,84.875,0
19401220,85.375,85.625,85.125,85.375,0
19401221,85.1875,85.75,84.625,85.1875,0
19401223,84.625,85.125,84.125,84.625,0
19401224,85.8125,86.25,85.375,85.8125,0
19401226,86.0625,86.375,85.75,86.0625,0
19401227,86,86.25,85.75,86,0
19401228,86.5625,87,86.125,86.5625,0
19401230,87.125,87.375,86.875,87.125,0
19401231,87.625,88.125,87.125,87.625,0
19410102,88.0625,88.375,87.75,88.0625,0
19410103,87.8125,88.125,87.5,87.8125,0
19410104,88.375,88.625,88.125,88.375,0
19410106,88.5625,89,88.125,88.5625,0
19410107,88.5,88.875,88.125,88.5,0
19410108,88.25,88.75,87.75,88.25,0
19410109,88.25,88.5,88,88.25,0
19410110,88.5625,88.875,88.25,88.5625,0
19410111,88.25,88.625,87.875,88.25,0
19410113,87.9375,88.25,87.625,87.9375,0
19410114,87.75,88.125,87.375,87.75,0
19410115,88.125,88.375,87.875,88.125,0
19410116,88.0625,88.5,87.625,88.0625,0
19410117,87.5,87.75,87.25,87.5,0
19410118,87.5625,87.875,87.25,87.5625,0
19410120,86.9375,87.25,86.625,86.9375,0
19410121,86.0625,86.5,85.625,86.0625,0
19410122,85.5,85.875,85.125,85.5,0
19410123,85.5625,85.75,85.375,85.5625,0
19410124,86.1875,86.75,85.625,86.1875,0
19410125,85.5625,86.25,84.875,85.5625,0
19410127,84.4375,84.75,84.125,84.4375,0
19410128,84.4375,84.875,84,84.4375,0
19410129,83.375,84,82.75,83.375,0
19410130,82.6875,83.375,82,82.6875,0
19410131,82.375,82.625,82.125,82.375,0
19410201,81.4375,82.125,80.75,81.4375,0
19410203,81.5625,82,81.125,81.5625,0
19410204,81.5,82.125,80.875,81.5,0
19410205,82.4375,82.75,82.125,82.4375,0
19410206,82.8125,83.375,82.25,82.8125,0
19410207,82.4375,82.875,82,82.4375,0
19410208,82.8125,83.125,82.5,82.8125,0
19410210,81.875,82.5,81.25,81.875,0
19410211,80.5,81,80,80.5,0
19410213,79.8125,80.375,79.25,79.8125,0
19410214,80,80.5,79.5,80,0
19410215,79.9375,80.375,79.5,79.9375,0
19410217,79.5,80.125,78.875,79.5,0
19410218,79.5,80.125,78.875,79.5,0
19410219,80.3125,80.875,79.75,80.3125,0
19410220,81.375,81.875,80.875,81.375,0
19410221,81.6875,82.125,81.25,81.6875,0
19410224,83.3125,85.375,81.25,83.3125,0
19410225,84.25,84.875,83.625,84.25,0
19410226,84.75,85.375,84.125,84.75,0
19410227,84.0625,84.5,83.625,84.0625,0
19410228,85.4375,86.25,84.625,85.4375,0
19410301,85.4375,85.875,85,85.4375,0
19410303,84.875,85.5,84.25,84.875,0
19410304,84.875,85.25,84.5,84.875,0
19410305,84.8125,85.375,84.25,84.8125,0
19410306,83.875,84.5,83.25,83.875,0
19410307,85.25,85.875,84.625,85.25,0
19410308,87,88.125,85.875,87,0
19410310,88.75,89.625,87.875,88.75,0
19410311,89.25,89.75,88.75,89.25,0
19410312,88.625,89.375,87.875,88.625,0
19410313,88.3125,89.125,87.5,88.3125,0
19410314,88,88.375,87.625,88,0
19410315,89.5,90.375,88.625,89.5,0
19410317,89.125,89.625,88.625,89.125,0
19410318,89.875,90.875,88.875,89.875,0
19410319,91.8125,92.5,91.125,91.8125,0
19410320,91.8125,92.5,91.125,91.8125,0
19410321,90.625,91,90.25,90.625,0
19410322,90.1875,90.625,89.75,90.1875,0
19410324,91.0625,91.5,90.625,91.0625,0
19410325,91.3125,91.75,90.875,91.3125,0
19410326,92.75,93.625,91.875,92.75,0
19410327,92.875,93.5,92.25,92.875,0
19410328,93.6875,94.625,92.75,93.6875,0
19410329,95.4375,96.5,94.375,95.4375,0
19410331,96.3125,97.125,95.5,96.3125,0
19410401,95.1875,95.875,94.5,95.1875,0
19410402,96,97.75,94.25,96,0
19410403,97.25,98.125,96.375,97.25,0
19410404,96.875,97.875,95.875,96.875,0
19410405,97.625,98.5,96.75,97.625,0
19410407,96.625,97.5,95.75,96.625,0
19410408,94.8125,95.875,93.75,94.8125,0
19410409,93.75,94.5,93,93.75,0
19410410,95.0625,95.5,94.625,95.0625,0
19410412,95.4375,96.125,94.75,95.4375,0
19410414,96.625,97.5,95.75,96.625,0
19410415,96.9375,97.625,96.25,96.9375,0
19410416,96,96.75,95.25,96,0
19410417,96.1875,96.75,95.625,96.1875,0
19410418,94.875,95.875,93.875,94.875,0
19410419,94.1875,94.75,93.625,94.1875,0
19410421,94.0625,94.5,93.625,94.0625,0
19410422,94.125,95,93.25,94.125,0
19410423,93.4375,94.625,92.25,93.4375,0
19410424,93.0625,93.5,92.625,93.0625,0
19410425,94.0625,95,93.125,94.0625,0
19410426,94.8125,95.25,94.375,94.8125,0
19410428,95.1875,96.25,94.125,95.1875,0
19410429,95.75,96.25,95.25,95.75,0
19410430,95.8125,96.625,95,95.8125,0
19410501,95.4375,96,94.875,95.4375,0
19410502,96,96.375,95.625,96,0
19410503,98.25,99.625,96.875,98.25,0
19410505,99.4375,100.125,98.75,99.4375,0
19410506,99.9375,100.875,99,99.9375,0
19410507,101.625,102.125,101.125,101.625,0
19410508,101.0625,101.75,100.375,101.0625,0
19410509,102.0625,102.875,101.25,102.0625,0
19410510,102.5625,103.125,102,102.5625,0
19410512,100.25,101.125,99.375,100.25,0
19410513,101.1875,101.75,100.625,101.1875,0
19410514,104.1875,105.875,102.5,104.1875,0
19410515,104.8125,106,103.625,104.8125,0
19410516,104.25,104.875,103.625,104.25,0
19410517,103.9375,104.375,103.5,103.9375,0
19410519,104.8125,106.75,102.875,104.8125,0
19410520,105.6875,106.5,104.875,105.6875,0
19410521,105.875,106.25,105.5,105.875,0
19410522,103.75,106.125,101.375,103.75,0
19410523,104,105.25,102.75,104,0
19410524,103.625,104.125,103.125,103.625,0
19410526,103.25,104,102.5,103.25,0
19410527,102.0625,102.5,101.625,102.0625,0
19410528,101.6875,102.25,101.125,101.6875,0
19410529,100.4375,101.25,99.625,100.4375,0
19410531,99.5,100.375,98.625,99.5,0
19410602,101.625,102.1875,101.0625,101.625,0
19410603,102.5,103.4375,101.5625,102.5,0
19410604,103.75,104.5625,102.9375,103.75,0
19410605,103.0625,103.8125,102.3125,103.0625,0
19410606,103.625,104.4375,102.8125,103.625,0
19410607,106.5,107.5625,105.4375,106.5,0
19410609,108.375,109.3125,107.4375,108.375,0
19410610,108.0625,108.4375,107.6875,108.0625,0
19410611,107.6875,108.3125,107.0625,107.6875,0
19410612,107,107.4375,106.5625,107,0
19410613,106.9375,108.0625,105.8125,106.9375,0
19410614,107.3125,108.4375,106.1875,107.3125,0
19410616,106.8125,107.8125,105.8125,106.8125,0
19410617,106.4375,106.9375,105.9375,106.4375,0
19410618,105.9375,106.8125,105.0625,105.9375,0
19410619,105.5625,106.1875,104.9375,105.5625,0
19410620,106.5,106.8125,106.1875,106.5,0
19410621,107.0625,107.8125,106.3125,107.0625,0
19410623,110.3125,111.5625,109.0625,110.3125,0
19410624,109.1875,109.6875,108.6875,109.1875,0
19410625,108.625,109.1875,108.0625,108.625,0
19410626,109.875,110.6875,109.0625,109.875,0
19410627,111.25,111.8125,110.6875,111.25,0
19410628,109.25,110.3125,108.1875,109.25,0
19410630,109.375,110.1875,108.5625,109.375,0
19410701,109.625,110.5625,108.6875,109.625,0
19410702,109.125,109.5625,108.6875,109.125,0
19410703,109,109.4375,108.5625,109,0
19410705,108.5,108.8125,108.1875,108.5,0
19410707,109.625,110.8125,108.4375,109.625,0
19410708,111.6875,112.3125,111.0625,111.6875,0
19410709,111,111.5625,110.4375,111,0
19410710,111.0625,112.0625,110.0625,111.0625,0
19410711,110.4375,110.9375,109.9375,110.4375,0
19410712,110.75,111.1875,110.3125,110.75,0
19410714,110.1875,110.8125,109.5625,110.1875,0
19410715,109.1875,109.6875,108.6875,109.1875,0
19410716,109.3125,109.8125,108.8125,109.3125,0
19410717,108,108.5625,107.4375,108,0
19410718,107.8125,108.5625,107.0625,107.8125,0
19410719,108.1875,108.4375,107.9375,108.1875,0
19410721,108.0625,108.5625,107.5625,108.0625,0
19410722,108.75,109.0625,108.4375,108.75,0
19410723,109.0625,110.0625,108.0625,109.0625,0
19410724,110,110.5625,109.4375,110,0
19410725,110.625,111.0625,110.1875,110.625,0
19410726,111.0625,111.9375,110.1875,111.0625,0
19410728,111.625,112.4375,110.8125,111.625,0
19410729,111,111.6875,110.3125,111,0
19410730,111.3125,112.1875,110.4375,111.3125,0
19410731,110.9375,111.3125,110.5625,110.9375,0
19410801,111.125,111.6875,110.5625,111.125,0
19410802,113.25,114.1875,112.3125,113.25,0
19410804,116.1875,117.6875,114.6875,116.1875,0
19410805,116.5,117.0625,115.9375,116.5,0
19410806,118.375,119.3125,117.4375,118.375,0
19410807,118.5625,119.1875,117.9375,118.5625,0
19410808,117.625,118.3125,116.9375,117.625,0
19410809,117.375,117.9375,116.8125,117.375,0
19410811,116.8125,117.1875,116.4375,116.8125,0
19410812,115.9375,116.3125,115.5625,115.9375,0
19410813,116.875,118.0625,115.6875,116.875,0
19410814,118.875,120.1875,117.5625,118.875,0
19410815,117.875,118.5625,117.1875,117.875,0
19410816,118.125,118.8125,117.4375,118.125,0
19410818,117.5625,117.9375,117.1875,117.5625,0
19410819,117.875,118.4375,117.3125,117.875,0
19410820,118.9375,119.5625,118.3125,118.9375,0
19410821,118.875,119.4375,118.3125,118.875,0
19410822,119,119.5625,118.4375,119,0
19410823,118.3125,118.6875,117.9375,118.3125,0
19410825,118.4375,119.3125,117.5625,118.4375,0
19410826,118.875,119.1875,118.5625,118.875,0
19410827,120.0625,120.5625,119.5625,120.0625,0
19410828,120.5,121.0625,119.9375,120.5,0
19410829,119.625,120.3125,118.9375,119.625,0
19410830,120,120.4375,119.5625,120,0
19410902,120.5,120.9375,120.0625,120.5,0
19410903,121.375,122.0625,120.6875,121.375,0
19410904,122.5,122.9375,122.0625,122.5,0
19410905,123.5,124.8125,122.1875,123.5,0
19410906,124.3125,125.0625,123.5625,124.3125,0
19410908,124.625,125.8125,123.4375,124.625,0
19410909,126.25,127.4375,125.0625,126.25,0
19410910,124.6875,125.8125,123.5625,124.6875,0
19410911,125.875,127.1875,124.5625,125.875,0
19410912,126.25,127.6875,124.8125,126.25,0
19410913,124.8125,125.4375,124.1875,124.8125,0
19410915,124.8125,125.4375,124.1875,124.8125,0
19410916,124.25,125.1875,123.3125,124.25,0
19410917,124.375,124.9375,123.8125,124.375,0
19410918,124.3125,125.0625,123.5625,124.3125,0
19410919,123.75,125.1875,122.3125,123.75,0
19410920,122.1875,123.0625,121.3125,122.1875,0
19410922,122.6875,123.4375,121.9375,122.6875,0
19410923,123.3125,123.9375,122.6875,123.3125,0
19410924,124,124.5625,123.4375,124,0
19410925,124.25,125.0625,123.4375,124.25,0
19410926,124.4375,124.9375,123.9375,124.4375,0
19410927,124.625,125.0625,124.1875,124.625,0
19410929,125.4375,126.0625,124.8125,125.4375,0
19410930,125.9375,126.4375,125.4375,125.9375,0
19411001,125.375,125.9375,124.8125,125.375,0
19411002,125.625,126.3125,124.9375,125.625,0
19411003,124.1875,124.6875,123.6875,124.1875,0
19411004,123.5625,124.0625,123.0625,123.5625,0
19411006,123.6875,124.0625,123.3125,123.6875,0
19411007,123,123.6875,122.3125,123,0
19411008,122.5625,123.4375,121.6875,122.5625,0
19411009,122.25,123.4375,121.0625,122.25,0
19411010,121.25,121.8125,120.6875,121.25,0
19411011,120.125,121.3125,118.9375,120.125,0
19411014,119.625,120.4375,118.8125,119.625,0
19411015,119.375,120.5625,118.1875,119.375,0
19411016,112.8125,117.5625,108.0625,112.8125,0
19411017,111.0625,114.8125,107.3125,111.0625,0
19411018,115.3125,116.8125,113.8125,115.3125,0
19411020,115.0625,116.0625,114.0625,115.0625,0
19411021,117.4375,120.3125,114.5625,117.4375,0
19411022,118.1875,119.3125,117.0625,118.1875,0
19411023,117.875,119.5625,116.1875,117.875,0
19411024,119.8125,120.6875,118.9375,119.8125,0
19411025,117.875,118.5625,117.1875,117.875,0
19411027,116.6875,117.5625,115.8125,116.6875,0
19411028,115.4375,117.4375,113.4375,115.4375,0
19411029,117.4375,117.5625,117.3125,117.4375,0
19411030,117.3125,118.0625,116.5625,117.3125,0
19411031,117.0625,118.0625,116.0625,117.0625,0
19411101,116.5625,117.0625,116.0625,116.5625,0
19411103,117.125,117.8125,116.4375,117.125,0
19411104,116.4375,116.8125,116.0625,116.4375,0
19411105,118,119.3125,116.6875,118,0
19411106,118.5625,118.9375,118.1875,118.5625,0
19411107,119.1875,119.8125,118.5625,119.1875,0
19411108,118.4375,119.1875,117.6875,118.4375,0
19411110,117.875,118.1875,117.5625,117.875,0
19411112,115.625,117.5625,113.6875,115.625,0
19411113,115.6875,116.3125,115.0625,115.6875,0
19411114,116.625,117.0625,116.1875,116.625,0
19411115,115.3125,116.1875,114.4375,115.3125,0
19411117,115.75,116.4375,115.0625,115.75,0
19411118,116.25,116.6875,115.8125,116.25,0
19411119,116.4375,116.9375,115.9375,116.4375,0
19411121,116.25,116.5625,115.9375,116.25,0
19411122,116.25,116.5625,115.9375,116.25,0
19411124,116.5,117.0625,115.9375,116.5,0
19411125,115.625,115.9375,115.3125,115.625,0
19411126,114.9375,115.3125,114.5625,114.9375,0
19411127,115.75,116.4375,115.0625,115.75,0
19411128,116.125,116.6875,115.5625,116.125,0
19411129,117.1875,117.5625,116.8125,117.1875,0
19411201,118.0625,119.0625,117.0625,118.0625,0
19411202,119.0625,119.5625,118.5625,119.0625,0
19411203,119.625,120.1875,119.0625,119.625,0
19411204,119.6875,120.3125,119.0625,119.6875,0
19411205,119.1875,119.6875,118.6875,119.1875,0
19411206,118.875,119.1875,118.5625,118.875,0
19411208,122.875,123.5625,122.1875,122.875,0
19411209,122.5,123.5625,121.4375,122.5,0
19411210,123.5,124.5625,122.4375,123.5,0
19411211,125.9375,127.6875,124.1875,125.9375,0
19411212,126.0625,126.6875,125.4375,126.0625,0
19411213,124.4375,125.0625,123.8125,124.4375,0
19411215,124.0625,124.5625,123.5625,124.0625,0
19411216,124.8125,125.3125,124.3125,124.8125,0
19411217,123.1875,123.6875,122.6875,123.1875,0
19411218,122.8125,123.3125,122.3125,122.8125,0
19411219,122.8125,123.0625,122.5625,122.8125,0
19411220,122.8125,123.0625,122.5625,122.8125,0
19411222,122.6875,122.9375,122.4375,122.6875,0
19411223,122.1875,122.4375,121.9375,122.1875,0
19411224,122.9375,123.1875,122.6875,122.9375,0
19411226,122.8125,122.9375,122.6875,122.8125,0
19411227,123.3125,123.6875,122.9375,123.3125,0
19411229,123.875,124.0625,123.6875,123.875,0
19411230,124.125,124.3125,123.9375,124.125,0
19411231,123.9375,124.0625,123.8125,123.9375,0
19420102,124.8125,125.3125,124.3125,124.8125,0
19420103,126.0625,126.5625,125.5625,126.0625,0
