Date, Open, High, Low, Close, Volume, Minor Trend, Major Trend, Pivot Price, Interpolated Pivot Price, Cumulative Volume
04/02/2021, 84.13, 87.91, 83.4623, 87.49, 28500, Unknown, Unknown, 83.4623, 83.4623, , 28500
05/02/2021, 88.42, 89.99, 86.91, 89.66, 23400, Unknown, Unknown, , 85.281725, , 23400
06/02/2021, , , , , , Unknown, Unknown, , 87.101150, , 
07/02/2021, , , , , , Unknown, Unknown, , 88.920575, , 
08/02/2021, 89.83, 90.74, 88.5049, 89.74, 43900, Up, Unknown, 90.74, 90.74, 4, 67300
09/02/2021, 89.93, 90.425, 83.74, 83.74, 37200, Up, Unknown, , 90.06777777777777777777777778, , 37200
10/02/2021, 84.46, 86.8637, 82.2948, 83.1, 44600, Down, Unknown, , 89.39555555555555555555555556, , 81800
11/02/2021, 82.65, 83.64, 80.59, 81.62, 25400, Down, Unknown, , 88.72333333333333333333333333, , 107200
12/02/2021, 80.35, 83.05, 79, 83.05, 35200, Down, Unknown, , 88.05111111111111111111111111, , 142400
13/02/2021, , , , , , Down, Unknown, , 87.37888888888888888888888889, , 
14/02/2021, , , , , , Down, Unknown, , 86.70666666666666666666666667, , 
15/02/2021, , , , , , Down, Unknown, , 86.03444444444444444444444444, , 
16/02/2021, 83.47, 83.99, 80.36, 80.36, 21700, Down, Unknown, , 85.36222222222222222222222222, , 164100
17/02/2021, 80.6, 82.62, 79.85, 81.75, 25500, Down, Unknown, , 84.69000000000000000000000000, , 189600
18/02/2021, 80.84, 82.38, 79.818, 80.17, 28000, Down, Unknown, , 84.01777777777777777777777778, , 217600
19/02/2021, 80.25, 84.7744, 80.25, 83.76, 31800, Down, Unknown, , 83.34555555555555555555555556, , 249400
20/02/2021, , , , , , Down, Unknown, , 82.67333333333333333333333333, , 
21/02/2021, , , , , , Down, Unknown, , 82.00111111111111111111111111, , 
22/02/2021, 82.73, 84.02, 82.05, 83.54, 27500, Down, Unknown, , 81.32888888888888888888888889, , 276900
23/02/2021, 81.72, 83.88, 80.22, 81.92, 29200, Down, Unknown, , 80.65666666666666666666666667, , 306100
24/02/2021, 81.72, 82.6724, 80.55, 81.15, 24900, Down, Unknown, , 79.98444444444444444444444444, , 331000
25/02/2021, 81.58, 82.42, 79.4, 79.58, 22500, Down, Unknown, , 79.31222222222222222222222222, , 353500
26/02/2021, 78.64, 82.28, 78.64, 79.02, 30800, Down, Unknown, 78.64, 78.64, 18, 384300
27/02/2021, , , , , , Down, Unknown, , 80.5425, , 
28/02/2021, , , , , , Down, Unknown, , 82.4450, , 
01/03/2021, 80.31, 85.53, 79.06, 85.2, 30300, Down, Unknown, , 84.3475, , 30300
02/03/2021, 84.98, 86.25, 84.55, 84.74, 34300, Up, Down, 86.25, 86.25, 4, 64600
03/03/2021, 85.09, 86, 83.49, 85.88, 28400, Up, Down, , 85.41846153846153846153846154, , 28400
04/03/2021, 85.57, 85.8063, 81.51, 81.73, 24000, Down, Down, , 84.58692307692307692307692308, , 52400
05/03/2021, 83.05, 83.05, 79.5407, 83.02, 26600, Down, Down, , 83.75538461538461538461538462, , 79000
06/03/2021, , , , , , Down, Down, , 82.92384615384615384615384615, , 
07/03/2021, , , , , , Down, Down, , 82.09230769230769230769230769, , 
08/03/2021, 82.82, 82.82, 79.84, 82.25, 34400, Down, Down, , 81.26076923076923076923076923, , 113400
09/03/2021, 82, 85.8, 80.06, 80.57, 49400, Down, Down, , 80.42923076923076923076923077, , 162800
10/03/2021, 80.1, 83.57, 79.795, 80.66, 39100, Down, Down, , 79.59769230769230769230769231, , 201900
11/03/2021, 80.86, 82.93, 79.54, 80.15, 54500, Down, Down, , 78.766153846153846153846153846, , 256400
12/03/2021, 80.01, 80.01, 77.2501, 78.23, 21300, Down, Down, , 77.934615384615384615384615385, , 277700
13/03/2021, , , , , , Down, Down, , 77.103076923076923076923076924, , 
14/03/2021, , , , , , Down, Down, , 76.271538461538461538461538462, , 
15/03/2021, 77.29, 78.83, 75.44, 78.4, 32600, Down, Down, 75.44, 75.44, 13, 310300
16/03/2021, 77.66, 80.93, 77, 80.23, 56300, Down, Down, , 77.082857142857142857142857143, , 56300
17/03/2021, 79.81, 80.22, 77.62, 79.68, 20000, Down, Down, , 78.725714285714285714285714286, , 76300
18/03/2021, 80.03, 82.16, 79.02, 80.03, 29900, Down, Down, , 80.36857142857142857142857143, , 106200
19/03/2021, 80.66, 85.44, 80.39, 84.73, 111300, Up, Down, , 82.01142857142857142857142857, , 217500
20/03/2021, , , , , , Up, Down, , 83.65428571428571428571428571, , 
21/03/2021, , , , , , Up, Down, , 85.29714285714285714285714286, , 
22/03/2021, 85, 86.94, 83.18, 85.92, 38100, Up, Up, 86.94, 86.94, 7, 255600
23/03/2021, 85.92, 85.92, 82.66, 84.05, 21000, Up, Up, , 85.705, , 21000
24/03/2021, 84.33, 84.33, 82.18, 82.55, 20900, Down, Up, , 84.470, , 41900
25/03/2021, 80.04, 82.84, 79.54, 82.54, 12300, Down, Up, , 83.235, , 54200
26/03/2021, 82.54, 84.46, 80.42, 81.47, 39400, Down, Up, , 82.000, , 93600
27/03/2021, , , , , , Down, Up, , 80.765, , 
28/03/2021, , , , , , Down, Up, , 79.530, , 
29/03/2021, 80.84, 81.625, 78.43, 80, 53600, Down, Up, , 78.295, , 147200
30/03/2021, 79.94, 80.14, 77.06, 78.71, 32100, Down, Up, 77.06, 77.06, 8, 179300
31/03/2021, 78.02, 80.27, 77.3, 77.5, 47700, Down, Up, , 77.741666666666666666666666667, , 47700
01/04/2021, 77.66, 80.52, 77.66, 79.41, 30200, Up, Up, , 78.423333333333333333333333333, , 77900
02/04/2021, , , , , , Up, Up, , 79.105000000000000000000000000, , 
03/04/2021, , , , , , Up, Up, , 79.78666666666666666666666667, , 
04/04/2021, , , , , , Up, Up, , 80.46833333333333333333333333, , 
05/04/2021, 80.11, 81.15, 78.526, 80.1, 21700, Up, Up, 81.15, 81.15, 6, 99600
06/04/2021, 79.67, 80.1, 78, 79.64, 39700, Up, Up, , 78.815, , 39700
07/04/2021, 79.9, 79.9, 76.48, 76.94, 29500, Down, Down, 76.48, 76.48, 2, 69200
08/04/2021, 76.6, 80.4, 76.6, 80.33, 38800, Down, Down, , 77.895, , 38800
09/04/2021, 79.69, 82.13, 79.44, 81.52, 23100, Up, Up, , 79.310, , 61900
10/04/2021, , , , , , Up, Up, , 80.725, , 
11/04/2021, , , , , , Up, Up, , 82.140, , 
12/04/2021, 82.23, 83.33, 81.41, 82.3, 13000, Up, Up, , 83.555, , 74900
13/04/2021, 80.42, 84.97, 80.42, 83.95, 25100, Up, Up, 84.97, 84.97, 6, 100000
14/04/2021, 83.42, 84.35, 82.155, 82.4, 20500, Up, Up, , 83.79625, , 20500
15/04/2021, 81.53, 83.35, 81, 82.19, 28400, Up, Up, , 82.62250, , 48900
16/04/2021, 82.82, 83.14, 80.07, 80.08, 30100, Down, Up, , 81.44875, , 79000
17/04/2021, , , , , , Down, Up, , 80.27500, , 
18/04/2021, , , , , , Down, Up, , 79.10125, , 
19/04/2021, 79.76, 81.725, 77.9275, 81.61, 63000, Down, Up, 77.9275, 77.9275, 6, 142000
20/04/2021, 81.16, 81.7375, 79.12, 80.1, 25500, Down, Up, , 80.67875, , 25500
21/04/2021, 80.3, 83.43, 80.12, 82.15, 23500, Up, Up, 83.43, 83.43, 2, 49000
22/04/2021, 82.83, 83.21, 81.6101, 82.64, 18600, Up, Up, , 82.868, , 18600
23/04/2021, 82.95, 82.99, 81.35, 81.78, 23300, Up, Up, , 82.306, , 41900
24/04/2021, , , , , , Up, Up, , 81.744, , 
25/04/2021, , , , , , Up, Up, , 81.182, , 
26/04/2021, 82.08, 82.08, 79.33, 79.35, 26900, Down, Up, , 80.620, , 68800
27/04/2021, 80.02, 81.1225, 78.9, 81.08, 43400, Down, Up, , 80.058, , 112200
28/04/2021, 81.09, 82.58, 79.0801, 79.9, 20100, Down, Up, , 79.496, , 132300
29/04/2021, 79.78, 80.89, 78.325, 79.31, 17100, Down, Up, , 78.934, , 149400
30/04/2021, 78.38, 81.59, 77.48, 78.61, 37500, Down, Down, , 78.372, , 186900
01/05/2021, , , , , , Down, Down, , 77.810, , 
02/05/2021, , , , , , Down, Down, , 77.248, , 
03/05/2021, 77.88, 82.13, 77.86, 79.87, 37700, Down, Down, , 76.686, , 224600
04/05/2021, 79.28, 79.28, 76.3, 76.63, 20400, Down, Down, , 76.124, , 245000
05/05/2021, 76.46, 77.43, 75.18, 75.8, 23900, Down, Down, , 75.562, , 268900
06/05/2021, 76.26, 77.985, 75, 77.55, 27600, Down, Down, 75, 75, 15, 296500
07/05/2021, 78.59, 80.31, 77.43, 79.58, 20400, Down, Down, , 76.2, , 20400
08/05/2021, , , , , , Down, Down, , 77.4, , 
09/05/2021, , , , , , Down, Down, , 78.6, , 
10/05/2021, 79.33, 80.9793, 78.8311, 79.85, 33300, Up, Down, , 79.8, , 53700
11/05/2021, 78.78, 81, 78.78, 80.5, 31700, Up, Down, 81, 81, 5, 85400
12/05/2021, 79.45, 80.76, 78.45, 79.44, 47700, Down, Down, , 80.3875, , 47700
13/05/2021, 78.57, 80.64, 78.57, 79.63, 37200, Down, Down, , 79.7750, , 84900
14/05/2021, 79.7, 79.775, 77.71, 79.33, 51000, Down, Down, , 79.1625, , 135900
15/05/2021, , , , , , Down, Down, , 78.5500, , 
16/05/2021, , , , , , Down, Down, , 77.9375, , 
17/05/2021, 78.88, 80.1, 78.01, 78.38, 49200, Down, Down, , 77.3250, , 185100
18/05/2021, 78.28, 78.51, 77.1966, 77.33, 38500, Down, Down, , 76.7125, , 223600
19/05/2021, 77.02, 77.66, 76.1, 77.17, 56000, Down, Down, 76.1, 76.1, 8, 279600
20/05/2021, 77.08, 78.69, 77, 78.51, 41000, Down, Down, , 76.234285714285714285714285714, , 41000
21/05/2021, 79, 79.828, 77.15, 77.78, 41900, Up, Down, , 76.368571428571428571428571429, , 82900
22/05/2021, , , , , , Up, Down, , 76.502857142857142857142857143, , 
23/05/2021, , , , , , Up, Down, , 76.637142857142857142857142857, , 
24/05/2021, 77.58, 80.46, 77.04, 79.49, 40000, Up, Down, , 76.771428571428571428571428572, , 122900
25/05/2021, 79.39, 80.44, 78.74, 79.8, 37900, Up, Down, , 76.905714285714285714285714286, , 160800
26/05/2021, 79.8, 80.98, 79.48, 80.01, 18100, Up, Down, , 77.040000000000000000000000000, , 178900
27/05/2021, 80.13, 80.33, 77.09, 78.38, 68800, Up, Down, , 77.174285714285714285714285714, , 247700
28/05/2021, 79.49, 79.75, 77.7, 78.1, 24000, Up, Down, , 77.308571428571428571428571429, , 271700
29/05/2021, , , , , , Up, Down, , 77.442857142857142857142857143, , 
30/05/2021, , , , , , Up, Down, , 77.577142857142857142857142857, , 
31/05/2021, , , , , , Up, Down, , 77.711428571428571428571428572, , 
01/06/2021, 77.85, 78.7335, 77.465, 78.21, 35000, Up, Down, , 77.845714285714285714285714286, , 306700
02/06/2021, 78.3, 80.23, 78.3, 79.85, 37100, Up, Down, , 77.980000000000000000000000000, , 343800
03/06/2021, 78.574, 80.28, 78.574, 79.68, 22100, Up, Down, , 78.114285714285714285714285714, , 365900
04/06/2021, 78.91, 80.64, 78.75, 80.36, 42100, Up, Down, , 78.248571428571428571428571429, , 408000
05/06/2021, , , , , , Up, Down, , 78.382857142857142857142857143, , 
06/06/2021, , , , , , Up, Down, , 78.517142857142857142857142857, , 
07/06/2021, 80.1, 81.63, 79.31, 81.04, 59200, Up, Up, , 78.651428571428571428571428572, , 467200
08/06/2021, 80.7, 80.98, 77, 78.8, 83200, Up, Up, , 78.785714285714285714285714286, , 550400
09/06/2021, 79.1, 79.51, 77.24, 77.24, 44200, Up, Up, , 78.920000000000000000000000000, , 594600
10/06/2021, 77.5, 77.9, 75.65, 76.91, 47900, Up, Up, , 79.054285714285714285714285715, , 642500
11/06/2021, 76.66, 77.26, 76.11, 76.86, 28800, Up, Up, , 79.188571428571428571428571429, , 671300
12/06/2021, , , , , , Up, Up, , 79.32285714285714285714285714, , 
13/06/2021, , , , , , Up, Up, , 79.45714285714285714285714286, , 
14/06/2021, 76.74, 78.44, 76.74, 77.77, 31100, Up, Up, , 79.59142857142857142857142857, , 702400
15/06/2021, 77.56, 79.13, 75.3101, 76.03, 74000, Up, Up, , 79.72571428571428571428571429, , 776400
16/06/2021, 76.25, 77.1, 76.25, 76.78, 44600, Up, Up, , 79.86000000000000000000000000, , 821000
17/06/2021, 76.85, 77.06, 76.3101, 76.52, 40200, Up, Up, , 79.99428571428571428571428571, , 861200
18/06/2021, 76.62, 78.16, 76.32, 77.67, 69900, Up, Up, , 80.12857142857142857142857143, , 931100
19/06/2021, , , , , , Up, Up, , 80.26285714285714285714285714, , 
20/06/2021, , , , , , Up, Up, , 80.39714285714285714285714286, , 
21/06/2021, 78.08, 79.18, 76.94, 78.59, 49200, Up, Up, , 80.53142857142857142857142857, , 980300
22/06/2021, 78, 80, 77.4358, 79.33, 55500, Up, Up, , 80.66571428571428571428571429, , 1035800
23/06/2021, 79.22, 79.93, 77.61, 77.79, 31800, Up, Up, , 80.80000000000000000000000000, , 1067600
24/06/2021, 78.15, 79.9, 76.81, 79.41, 37600, Up, Up, , 80.93428571428571428571428571, , 1105200
25/06/2021, 79.3, 79.65, 77.98, 78.36, 98300, Up, Up, , 81.06857142857142857142857143, , 1203500
26/06/2021, , , , , , Up, Up, , 81.20285714285714285714285714, , 
27/06/2021, , , , , , Up, Up, , 81.33714285714285714285714286, , 
28/06/2021, 78.61, 79.18, 76.965, 77.62, 25300, Up, Up, , 81.47142857142857142857142857, , 1228800
29/06/2021, 77.62, 78.35, 77.08, 77.54, 24300, Up, Up, , 81.60571428571428571428571429, , 1253100
30/06/2021, 77.5, 81.74, 77.07, 80.32, 107600, Up, Up, 81.74, 81.74, 42, 1360700
01/07/2021, 80.53, 80.6, 79.29, 80.45, 22100, Up, Up, , 81.49142857142857142857142857, , 22100
02/07/2021, 80, 80.92, 78.97, 80.18, 41200, Up, Up, , 81.24285714285714285714285714, , 63300
03/07/2021, , , , , , Up, Up, , 80.99428571428571428571428571, , 
04/07/2021, , , , , , Up, Up, , 80.74571428571428571428571429, , 
05/07/2021, , , , , , Up, Up, , 80.49714285714285714285714286, , 
06/07/2021, 79.36, 80.49, 78.26, 80.09, 35500, Down, Up, , 80.24857142857142857142857143, , 98800
07/07/2021, 80.36, 81.8622, 79.7, 80.28, 12400, Down, Up, , 80.00000000000000000000000000, , 111200
08/07/2021, 80, 81, 79.54, 80.1, 16300, Down, Up, , 79.75142857142857142857142857, , 127500
09/07/2021, 80.46, 81.02, 79.28, 80.14, 21400, Down, Up, , 79.50285714285714285714285714, , 148900
10/07/2021, , , , , , Down, Up, , 79.25428571428571428571428571, , 
11/07/2021, , , , , , Down, Up, , 79.005714285714285714285714285, , 
12/07/2021, 80.22, 80.5, 79.38, 80.15, 31300, Down, Up, , 78.757142857142857142857142857, , 180200
13/07/2021, 80.17, 80.17, 79.21, 79.21, 10600, Down, Up, , 78.508571428571428571428571428, , 190800
14/07/2021, 79.59, 80, 78.26, 78.49, 16700, Down, Up, 78.26, 78.26, 14, 207500
15/07/2021, 79.83, 80.12, 78.435, 79.52, 26400, Down, Up, , 79.195833333333333333333333333, , 26400
16/07/2021, 80.02, 81.98, 79.88, 81.38, 19800, Up, Up, , 80.13166666666666666666666667, , 46200
17/07/2021, , , , , , Up, Up, , 81.06750000000000000000000000, , 
18/07/2021, , , , , , Up, Up, , 82.00333333333333333333333333, , 
19/07/2021, 81.17, 82.5, 80.545, 81.86, 14600, Up, Up, , 82.93916666666666666666666667, , 60800
20/07/2021, 82.24, 83.875, 81.53, 81.63, 41800, Up, Up, 83.875, 83.875, 6, 102600
21/07/2021, 82.09, 82.695, 81.5, 81.81, 12100, Up, Up, , 83.49616666666666666666666667, , 12100
22/07/2021, 81.59, 82.857, 79.98, 80.41, 13400, Up, Up, , 83.11733333333333333333333333, , 25500
23/07/2021, 80.46, 80.53, 78.44, 80.06, 15000, Down, Up, , 82.73850000000000000000000000, , 40500
24/07/2021, , , , , , Down, Up, , 82.35966666666666666666666667, , 
25/07/2021, , , , , , Down, Up, , 81.98083333333333333333333333, , 
26/07/2021, 80.2, 80.2, 79.14, 79.55, 8800, Down, Up, , 81.60200000000000000000000000, , 49300
27/07/2021, 79.51, 79.51, 78.09, 78.98, 10500, Down, Down, , 81.22316666666666666666666667, , 59800
28/07/2021, 79.24, 79.24, 78.33, 78.92, 8700, Down, Down, , 80.84433333333333333333333333, , 68500
29/07/2021, 79.05, 79.3, 78.65, 78.65, 8300, Down, Down, , 80.46550000000000000000000000, , 76800
30/07/2021, 78.72, 79.275, 77.42, 77.76, 11600, Down, Down, , 80.08666666666666666666666667, , 88400
31/07/2021, , , , , , Down, Down, , 79.70783333333333333333333333, , 
01/08/2021, , , , , , Down, Down, , 79.32900000000000000000000000, , 
02/08/2021, 77.57, 78.2, 77.1, 78.2, 18500, Down, Down, , 78.950166666666666666666666667, , 106900
03/08/2021, 77.78, 78.31, 77.59, 78.2, 7000, Down, Down, , 78.571333333333333333333333334, , 113900
04/08/2021, 77.93, 77.93, 75.8, 76, 52800, Down, Down, , 78.192500000000000000000000000, , 166700
05/08/2021, 76.63, 78.83, 76.33, 78.12, 17400, Down, Down, , 77.813666666666666666666666667, , 184100
06/08/2021, 77.7, 77.99, 77.52, 77.59, 7900, Down, Down, , 77.434833333333333333333333334, , 192000
07/08/2021, , , , , , Down, Down, , 77.056000000000000000000000001, , 
08/08/2021, , , , , , Down, Down, , 76.677166666666666666666666667, , 
09/08/2021, 77.17, 77.33, 76.81, 77.33, 11000, Down, Down, , 76.298333333333333333333333334, , 203000
10/08/2021, 76.73, 76.86, 74.47, 75.34, 25100, Down, Down, , 75.919500000000000000000000001, , 228100
11/08/2021, 75.55, 75.81, 73.555, 75.81, 22600, Down, Down, , 75.540666666666666666666666667, , 250700
12/08/2021, 75.95, 75.95, 74.36, 75.37, 32300, Down, Down, , 75.161833333333333333333333334, , 283000
13/08/2021, 75.12, 75.85, 74.47, 74.8, 12200, Down, Down, , 74.783000000000000000000000001, , 295200
14/08/2021, , , , , , Down, Down, , 74.404166666666666666666666668, , 
15/08/2021, , , , , , Down, Down, , 74.025333333333333333333333334, , 
16/08/2021, 74.9, 75.43, 73.28, 74.98, 38300, Down, Down, , 73.646500000000000000000000001, , 333500
17/08/2021, 74.6, 75.44, 73.54, 74.34, 37500, Down, Down, , 73.267666666666666666666666668, , 371000
18/08/2021, 74, 74.52, 73.03, 73.39, 18600, Down, Down, , 72.888833333333333333333333334, , 389600
19/08/2021, 72.8, 73.25, 72.51, 73.12, 11700, Down, Down, 72.51, 72.51, 30, 401300
20/08/2021, 72.75, 74.65, 72.75, 73.94, 20100, Down, Down, , 73.141666666666666666666666667, , 20100
21/08/2021, , , , , , Down, Down, , 73.773333333333333333333333333, , 
22/08/2021, , , , , , Down, Down, , 74.405000000000000000000000000, , 
23/08/2021, 73.94, 76.17, 73.94, 75.94, 19200, Up, Down, , 75.036666666666666666666666667, , 39300
24/08/2021, 76.11, 76.11, 75.14, 75.69, 8600, Up, Down, , 75.668333333333333333333333334, , 47900
25/08/2021, 76.3, 76.3, 74.54, 74.73, 12600, Up, Down, 76.3, 76.3, 6, 60500
26/08/2021, 74.99, 74.99, 74.06, 74.06, 9900, Down, Down, , 75.916666666666666666666666667, , 9900
27/08/2021, 74.55, 76.29, 74.51, 75.93, 33400, Down, Down, , 75.533333333333333333333333333, , 43300
28/08/2021, , , , , , Down, Down, , 75.150000000000000000000000000, , 
29/08/2021, , , , , , Down, Down, , 74.766666666666666666666666667, , 
30/08/2021, 76, 76.26, 74.09, 74.1, 12700, Down, Down, , 74.383333333333333333333333334, , 56000
31/08/2021, 74, 75.245, 74, 74.11, 17800, Down, Down, 74, 74, 6, 73800
01/09/2021, 74.82, 75.33, 74.02, 74.84, 11700, Down, Down, , 74.566875, , 11700
02/09/2021, 75.18, 75.65, 75.09, 75.64, 11400, Up, Down, , 75.133750, , 23100
03/09/2021, 75.6, 77.41, 75.45, 76.8, 12400, Up, Up, , 75.700625, , 35500
04/09/2021, , , , , , Up, Up, , 76.267500, , 
05/09/2021, , , , , , Up, Up, , 76.834375, , 
06/09/2021, , , , , , Up, Up, , 77.401250, , 
07/09/2021, 76.32, 77, 75.57, 76.75, 12400, Up, Up, , 77.968125, , 47900
08/09/2021, 76.3, 78.535, 76.3, 77.6, 19500, Up, Up, 78.535, 78.535, 8, 67400
09/09/2021, 77, 77.395, 75.9, 75.98, 22500, Up, Up, , 77.761428571428571428571428571, , 22500
10/09/2021, 76.35, 77.15, 75.45, 75.45, 24300, Down, Up, , 76.987857142857142857142857143, , 46800
11/09/2021, , , , , , Down, Up, , 76.214285714285714285714285714, , 
12/09/2021, , , , , , Down, Up, , 75.440714285714285714285714286, , 
13/09/2021, 74.8383, 75, 73.8175, 74.11, 20100, Down, Down, , 74.667142857142857142857142857, , 66900
14/09/2021, 74.68, 74.7, 73.82, 73.96, 13300, Down, Down, , 73.893571428571428571428571428, , 80200
15/09/2021, 74.22, 75.18, 73.12, 75.18, 25200, Down, Down, 73.12, 73.12, 7, 105400
16/09/2021, 74.87, 75.24, 73.36, 75.09, 16900, Down, Down, , 73.609, , 16900
17/09/2021, 75.29, 75.75, 73.45, 75.58, 61902, Up, Down, , 74.098, , 78802
18/09/2021, , , , , , Up, Down, , 74.587, , 
19/09/2021, , , , , , Up, Down, , 75.076, , 
20/09/2021, 74.7, 77.07, 73.95, 76.23, 24200, Up, Down, , 75.565, , 103002
21/09/2021, 76.49, 77.31, 75.25, 76.72, 25600, Up, Down, , 76.054, , 128602
22/09/2021, 76.39, 77.55, 74.68, 75.38, 23200, Up, Down, , 76.543, , 151802
23/09/2021, 75.76, 76.31, 75.37, 76.21, 9300, Up, Down, , 77.032, , 161102
24/09/2021, 75.5, 76.48, 74.995, 75.63, 10100, Up, Down, , 77.521, , 171202
25/09/2021, , , , , , Up, Down, , 78.010, , 
26/09/2021, , , , , , Up, Down, , 78.499, , 
27/09/2021, 76.07, 80.69, 75.1006, 78.81, 26700, Up, Up, , 78.988, , 197902
28/09/2021, 78.43, 78.43, 74.71, 77.08, 18300, Up, Up, , 79.477, , 216202
29/09/2021, 77.32, 77.32, 76.4, 77.18, 11700, Up, Up, , 79.966, , 227902
30/09/2021, 77.13, 79.61, 77.13, 78.95, 18000, Up, Up, , 80.455, , 245902
01/10/2021, 79.5, 82.33, 78.8, 80.61, 28700, Up, Up, , 80.944, , 274602
02/10/2021, , , , , , Up, Up, , 81.433, , 
03/10/2021, , , , , , Up, Up, , 81.922, , 
04/10/2021, 80.49, 82.11, 80.22, 81.2, 22400, Up, Up, , 82.411, , 297002
05/10/2021, 81.58, 82.9, 80.42, 80.42, 10500, Up, Up, 82.9, 82.9, 20, 307502
06/10/2021, 80.18, 81.17, 79.09, 79.76, 14600, Up, Up, , 82.145, , 14600
07/10/2021, 81.98, 82.5, 80.81, 81.2, 20700, Up, Up, , 81.390, , 35300
08/10/2021, 81, 81, 79, 79, 7000, Up, Up, , 80.635, , 42300
09/10/2021, , , , , , Up, Up, , 79.880, , 
10/10/2021, , , , , , Up, Up, , 79.125, , 
11/10/2021, 78.8, 79.8, 78.37, 78.37, 8300, Down, Up, 78.37, 78.37, 6, 50600
12/10/2021, 78.6, 79.89, 78.4, 79.48, 14900, Down, Up, , 79.62875, , 14900
13/10/2021, 79.77, 80.88, 79.245, 80.13, 7400, Up, Up, , 80.88750, , 22300
14/10/2021, 81.2001, 82.33, 81.2001, 82.33, 16279, Up, Up, , 82.14625, , 38579
15/10/2021, 83.29, 83.405, 81.795, 81.94, 44800, Up, Up, 83.405, 83.405, 4, 83379
16/10/2021, , , , , , Up, Up, , 82.714, , 
17/10/2021, , , , , , Up, Up, , 82.023, , 
18/10/2021, 82, 82.66, 81.6, 82.07, 22100, Up, Up, , 81.332, , 22100
19/10/2021, 81.45, 82.76, 80.48, 80.81, 19600, Up, Up, , 80.641, , 41700
20/10/2021, 80.61, 82.25, 79.95, 81.98, 18000, Down, Up, 79.95, 79.95, 5, 59700
21/10/2021, 81.94, 82.41, 81, 81.18, 19700, Down, Up, , 80.76125, , 19700
22/10/2021, 81.91, 82.22, 81.27, 81.75, 16900, Down, Up, , 81.57250, , 36600
23/10/2021, , , , , , Down, Up, , 82.38375, , 
24/10/2021, , , , , , Down, Up, , 83.19500, , 
25/10/2021, 81.79, 81.9, 80.55, 80.71, 16600, Down, Up, , 84.00625, , 53200
26/10/2021, 80.96, 81.26, 80.23, 80.44, 24900, Down, Up, , 84.81750, , 78100
27/10/2021, 80.48, 81.32, 80.28, 80.49, 13900, Down, Up, , 85.62875, , 92000
28/10/2021, 80.82, 81.6, 80.35, 81.4, 11600, Up, Up, , 86.44000, , 103600
29/10/2021, 81.59, 82.44, 80.8, 82.3, 16700, Up, Up, , 87.25125, , 120300
30/10/2021, , , , , , Up, Up, , 88.06250, , 
31/10/2021, , , , , , Up, Up, , 88.87375, , 
01/11/2021, 82.11, 83.81, 81.5477, 82.89, 61900, Up, Up, , 89.68500, , 182200
02/11/2021, 82.915, 84, 82.915, 83.82, 49300, Up, Up, , 90.49625, , 231500
03/11/2021, 83.43, 87.5, 83.43, 86.79, 28808, Up, Up, , 91.30750, , 260308
04/11/2021, 87, 89.58, 86.7, 88, 18700, Up, Up, , 92.11875, , 279008
05/11/2021, 88.83, 92.93, 88.2, 91.18, 50900, Up, Up, 92.93, 92.93, 16, 329908
06/11/2021, , , , , , Up, Up, , 92.18285714285714285714285714, , 
07/11/2021, , , , , , Up, Up, , 91.43571428571428571428571429, , 
08/11/2021, 91.09, 92.26, 88.6, 88.98, 14100, Up, Up, , 90.68857142857142857142857143, , 14100
09/11/2021, 87.87, 90.52, 86.5501, 89.83, 37500, Up, Up, , 89.94142857142857142857142857, , 51600
10/11/2021, 90, 90.88, 89.19, 90.4, 40500, Up, Up, , 89.19428571428571428571428571, , 92100
11/11/2021, 90.27, 91.82, 88.15, 88.44, 26600, Up, Up, , 88.44714285714285714285714286, , 118700
12/11/2021, 88.89, 88.93, 87.7, 88.6, 9300, Down, Up, 87.7, 87.7, 7, 128000
13/11/2021, , , , , , Down, Up, , 88.645, , 
14/11/2021, , , , , , Down, Up, , 89.590, , 
15/11/2021, 88.46, 89.97, 88.125, 89.97, 18200, Down, Up, , 90.535, , 18200
16/11/2021, 89.12, 91.48, 88.59, 90.38, 26500, Up, Up, 91.48, 91.48, 4, 44700
17/11/2021, 90.09, 90.09, 88.7101, 89.2, 13700, Up, Up, , 91.08765, , 13700
18/11/2021, 89.02, 90.2, 89.02, 89.55, 15800, Up, Up, , 90.69530, , 29500
19/11/2021, 89.19, 90.02, 88.215, 88.32, 14500, Up, Up, , 90.30295, , 44000
20/11/2021, , , , , , Up, Up, , 89.91060, , 
21/11/2021, , , , , , Up, Up, , 89.51825, , 
22/11/2021, 87.49, 89.14, 87.35, 87.35, 13200, Down, Down, , 89.12590, , 57200
23/11/2021, 88.88, 88.88, 85.78, 86.31, 12700, Down, Down, , 88.73355, , 69900
24/11/2021, 86.18, 86.52, 83.57, 84.61, 16700, Down, Down, , 88.34120, , 86600
25/11/2021, , , , , , Down, Down, , 87.94885, , 
26/11/2021, 83.56, 83.62, 81.0201, 82.46, 20800, Down, Down, , 87.55650, , 107400
27/11/2021, , , , , , Down, Down, , 87.16415, , 
28/11/2021, , , , , , Down, Down, , 86.77180, , 
29/11/2021, 82.73, 83.225, 82, 82.3, 21600, Down, Down, , 86.37945, , 129000
30/11/2021, 82.28, 82.79, 81.33, 81.33, 18700, Down, Down, , 85.98710, , 147700
01/12/2021, 82.31, 82.31, 79, 79.28, 24900, Down, Down, , 85.59475, , 172600
02/12/2021, 80.21, 83.68, 79.84, 83.68, 24600, Down, Down, , 85.20240, , 197200
03/12/2021, 83.54, 83.54, 79.89, 80.8, 45100, Down, Down, , 84.81005, , 242300
04/12/2021, , , , , , Down, Down, , 84.41770, , 
05/12/2021, , , , , , Down, Down, , 84.02535, , 
06/12/2021, 81.57, 82.88, 81.57, 82.59, 14300, Down, Down, , 83.63300, , 256600
07/12/2021, 83.86, 84.67, 83.48, 84.2, 14007, Down, Down, , 83.24065, , 270607
08/12/2021, 83.59, 87.24, 83.09, 85.77, 12600, Down, Down, , 82.84830, , 283207
09/12/2021, 85.59, 86.69, 83.87, 83.87, 8600, Down, Down, , 82.45595, , 291807
10/12/2021, 83.83, 84.54, 82.39, 82.99, 10000, Down, Down, , 82.06360, , 301807
11/12/2021, , , , , , Down, Down, , 81.67125, , 
12/12/2021, , , , , , Down, Down, , 81.27890, , 
13/12/2021, 83.29, 84.03, 82.5, 83.24, 13800, Down, Down, , 80.88655, , 315607
14/12/2021, 83.45, 83.555, 82.5, 82.62, 14000, Down, Down, , 80.49420, , 329607
15/12/2021, 83.31, 84.07, 81.12, 83.65, 27200, Down, Down, , 80.10185, , 356807
16/12/2021, 84.34, 84.34, 81, 81.42, 26200, Down, Down, , 79.70950, , 383007
17/12/2021, 82.05, 84.53, 82.05, 83.09, 43424, Down, Down, , 79.31715, , 426431
18/12/2021, , , , , , Down, Down, , 78.92480, , 
19/12/2021, , , , , , Down, Down, , 78.53245, , 
20/12/2021, 81.94, 82.41, 78.1401, 80.57, 20000, Down, Down, 78.1401, 78.1401, 34, 446431
21/12/2021, 80.3, 81.91, 79.92, 81.91, 18000, Down, Down, , 79.0313375, , 18000
22/12/2021, 81.87, 83.54, 81.87, 83.29, 10400, Down, Down, , 79.9225750, , 28400
23/12/2021, 83.43, 84.2797, 83.43, 83.97, 12300, Up, Down, , 80.8138125, , 40700
24/12/2021, , , , , , Up, Down, , 81.7050500, , 
25/12/2021, , , , , , Up, Down, , 82.5962875, , 
26/12/2021, , , , , , Up, Down, , 83.4875250, , 
27/12/2021, 84.35, 84.35, 83.47, 84.08, 7800, Up, Down, , 84.3787625, , 48500
28/12/2021, 85.27, 85.27, 83.4, 83.4, 10800, Up, Down, 85.27, 85.27, 8, 59300
29/12/2021, 83.94, 83.94, 81.95, 83.13, 11700, Down, Down, , 84.96866666666666666666666667, , 11700
30/12/2021, 83.33, 85.16, 82.75, 83.07, 15000, Down, Down, , 84.66733333333333333333333333, , 26700
31/12/2021, 82.69, 84.11, 82.69, 83.82, 8000, Down, Down, , 84.36600000000000000000000000, , 34700
01/01/2022, , , , , , Down, Down, , 84.06466666666666666666666667, , 
02/01/2022, , , , , , Down, Down, , 83.76333333333333333333333333, , 
03/01/2022, 83.1, 83.15, 81.84, 82.82, 18000, Down, Down, , 83.46200000000000000000000000, , 52700
04/01/2022, 82.11, 83.91, 82.11, 83.08, 12400, Down, Down, , 83.16066666666666666666666667, , 65100
05/01/2022, 82.9, 82.99, 80.6, 82.1, 27800, Down, Down, , 82.85933333333333333333333333, , 92900
06/01/2022, 82.91, 83.2, 81, 81.79, 22900, Down, Down, , 82.55800000000000000000000000, , 115800
07/01/2022, 81.83, 82.84, 81.39, 81.61, 17700, Down, Down, , 82.25666666666666666666666667, , 133500
08/01/2022, , , , , , Down, Down, , 81.95533333333333333333333333, , 
09/01/2022, , , , , , Down, Down, , 81.65400000000000000000000000, , 
10/01/2022, 80.16, 82.52, 79.51, 82, 14100, Down, Down, , 81.35266666666666666666666667, , 147600
11/01/2022, 82.33, 82.33, 79.5006, 79.99, 29700, Down, Down, , 81.05133333333333333333333333, , 177300
12/01/2022, 80.4, 81.32, 79.16, 80.35, 25100, Down, Down, , 80.75000000000000000000000000, , 202400
13/01/2022, 80.65, 80.9, 79.95, 79.95, 10900, Down, Down, , 80.44866666666666666666666667, , 213300
14/01/2022, 79.64, 81.31, 79.27, 80.82, 14900, Down, Down, , 80.14733333333333333333333333, , 228200
15/01/2022, , , , , , Down, Down, , 79.84600000000000000000000000, , 
16/01/2022, , , , , , Down, Down, , 79.54466666666666666666666667, , 
17/01/2022, , , , , , Down, Down, , 79.24333333333333333333333333, , 
18/01/2022, 81.24, 81.6907, 79.4, 79.84, 35000, Down, Down, , 78.942000000000000000000000001, , 263200
19/01/2022, 79.56, 81.44, 79.24, 79.95, 27300, Down, Down, , 78.640666666666666666666666667, , 290500
20/01/2022, 80.05, 80.72, 79.85, 79.85, 26700, Down, Down, , 78.339333333333333333333333334, , 317200
21/01/2022, 79.25, 80.43, 78.77, 78.99, 31400, Down, Down, , 78.038000000000000000000000001, , 348600
22/01/2022, , , , , , Down, Down, , 77.736666666666666666666666668, , 
23/01/2022, , , , , , Down, Down, , 77.435333333333333333333333334, , 
24/01/2022, 77.51, 79.97, 77.51, 79.22, 35200, Down, Down, , 77.134000000000000000000000001, , 383800
25/01/2022, 78.24, 79.5, 76.45, 78.27, 24700, Down, Down, , 76.832666666666666666666666668, , 408500
26/01/2022, 78.48, 79.01, 76.605, 77.51, 25200, Down, Down, , 76.531333333333333333333333334, , 433700
27/01/2022, 77.82, 78.07, 76.23, 76.59, 22100, Down, Down, 76.23, 76.23, 30, 455800
28/01/2022, 76.74, 78.91, 76.37, 78.91, 35100, Down, Down, , 77.036, , 35100
29/01/2022, , , , , , Down, Down, , 77.842, , 
30/01/2022, , , , , , Down, Down, , 78.648, , 
31/01/2022, 78.6, 80.04, 78.18, 79, 67300, Up, Down, , 79.454, , 102400
01/02/2022, 79.3, 80.26, 78.23, 78.7, 45500, Up, Down, 80.26, 80.26, 5, 147900
02/02/2022, 79.27, 80.09, 78.22, 79.43, 61300, Up, Down, , 79.49166666666666666666666667, , 61300
03/02/2022, 79.9, 80.06, 78.4, 78.4, 27100, Up, Down, , 78.723333333333333333333333333, , 88400
04/02/2022, 78.31, 78.47, 76.1, 76.48, 19200, Up, Down, , 77.955000000000000000000000000, , 107600
05/02/2022, , , , , , Up, Down, , 77.186666666666666666666666667, , 
06/02/2022, , , , , , Up, Down, , 76.418333333333333333333333334, , 
07/02/2022, 76.43, 76.87, 75.65, 76.2, 22600, Down, Down, 75.65, 75.65, 6, 130200
08/02/2022, 75.93, 78.07, 75.93, 77.33, 16100, Down, Down, , 77.59, , 16100
09/02/2022, 77.47, 79.53, 77.47, 78.41, 25100, Up, Down, 79.53, 79.53, 2, 41200
10/02/2022, 77.6, 78.91, 76.25, 76.7, 29730, Up, Down, , 78.767894736842105263157894737, , 29730
11/02/2022, 75.82, 78.87, 75.82, 76.8, 39400, Down, Down, , 78.005789473684210526315789474, , 69130
12/02/2022, , , , , , Down, Down, , 77.243684210526315789473684210, , 
13/02/2022, , , , , , Down, Down, , 76.481578947368421052631578947, , 
14/02/2022, 76.63, 78.4, 76.1075, 76.81, 29600, Down, Down, , 75.719473684210526315789473684, , 98730
15/02/2022, 77.11, 78.49, 77.11, 77.66, 41500, Down, Down, , 74.957368421052631578947368421, , 140230
16/02/2022, 77.31, 77.7, 76.25, 77.5, 22600, Down, Down, , 74.195263157894736842105263158, , 162830
17/02/2022, 76.88, 77.15, 74.55, 74.64, 24600, Down, Down, , 73.433157894736842105263157894, , 187430
18/02/2022, 74.27, 74.77, 72.15, 72.7, 48100, Down, Down, , 72.671052631578947368421052631, , 235530
19/02/2022, , , , , , Down, Down, , 71.908947368421052631578947368, , 
20/02/2022, , , , , , Down, Down, , 71.146842105263157894736842105, , 
21/02/2022, , , , , , Down, Down, , 70.384736842105263157894736842, , 
22/02/2022, 72.44, 73.0896, 69.67, 70.2, 30100, Down, Down, , 69.622631578947368421052631578, , 265630
23/02/2022, 70.745, 71.0625, 69.34, 69.62, 29100, Down, Down, , 68.860526315789473684210526315, , 294730
24/02/2022, 68.5, 69.07, 66.92, 68.02, 45800, Down, Down, , 68.098421052631578947368421052, , 340530
25/02/2022, 68.13, 68.63, 66.33, 67.3, 29700, Down, Down, , 67.336315789473684210526315789, , 370230
26/02/2022, , , , , , Down, Down, , 66.574210526315789473684210526, , 
27/02/2022, , , , , , Down, Down, , 65.812105263157894736842105262, , 
28/02/2022, 66.51, 67.7, 65.05, 67.18, 39400, Down, Down, 65.05, 65.05, 19, 409630
01/03/2022, 66.08, 67.82, 65.34, 65.87, 132200, Down, Down, , 66.66, , 132200
02/03/2022, 66.39, 68.27, 66.39, 67.87, 22300, Up, Down, 68.27, 68.27, 2, 154500
03/03/2022, 67.95, 68.1, 66.435, 67.31, 31200, Up, Down, , 67.084, , 31200
04/03/2022, 66.63, 66.63, 64.33, 64.44, 33900, Up, Down, , 65.898, , 65100
05/03/2022, , , , , , Up, Down, , 64.712, , 
06/03/2022, , , , , , Up, Down, , 63.526, , 
07/03/2022, 64.8, 64.83, 62.34, 62.95, 67800, Down, Down, 62.34, 62.34, 5, 132900
08/03/2022, 62.9, 65.8, 62.9, 63.94, 68400, Down, Down, , 62.823804545454545454545454546, , 68400
09/03/2022, 65.05, 66.54, 65.05, 65.84, 48400, Up, Down, , 63.307609090909090909090909091, , 116800
10/03/2022, 64.81, 66, 63.49, 65.08, 23700, Up, Down, , 63.791413636363636363636363636, , 140500
11/03/2022, 65.48, 65.48, 63.96, 64.18, 13200, Up, Down, , 64.275218181818181818181818182, , 153700
12/03/2022, , , , , , Up, Down, , 64.759022727272727272727272728, , 
13/03/2022, , , , , , Up, Down, , 65.242827272727272727272727273, , 
14/03/2022, 64.32, 65.67, 64.01, 65.13, 33900, Up, Down, , 65.726631818181818181818181818, , 187600
15/03/2022, 65.35, 66.98, 65.05, 66.72, 36400, Up, Down, , 66.210436363636363636363636364, , 224000
16/03/2022, 67.4, 68.76, 67.16, 68.47, 29400, Up, Up, , 66.694240909090909090909090910, , 253400
17/03/2022, 68.97, 69.79, 68.07, 69.34, 26200, Up, Up, , 67.178045454545454545454545455, , 279600
18/03/2022, 69.12, 70.5, 67.63, 70.23, 45200, Up, Up, , 67.661850000000000000000000000, , 324800
19/03/2022, , , , , , Up, Up, , 68.145654545454545454545454546, , 
20/03/2022, , , , , , Up, Up, , 68.629459090909090909090909092, , 
21/03/2022, 70.11, 70.49, 68.12, 68.5, 33700, Up, Up, , 69.113263636363636363636363637, , 358500
22/03/2022, 68.33, 70.46, 68.08, 69.63, 34000, Up, Up, , 69.597068181818181818181818182, , 392500
23/03/2022, 69.52, 69.92, 68.79, 69.08, 28200, Up, Up, , 70.080872727272727272727272728, , 420700
24/03/2022, 69.03, 70.11, 68.81, 69.86, 20400, Up, Up, , 70.564677272727272727272727274, , 441100
25/03/2022, 69.8, 70.42, 69.77, 70.13, 15600, Up, Up, , 71.048481818181818181818181819, , 456700
26/03/2022, , , , , , Up, Up, , 71.532286363636363636363636364, , 
27/03/2022, , , , , , Up, Up, , 72.016090909090909090909090910, , 
28/03/2022, 69.81, 70.88, 69.71, 70.62, 28200, Up, Up, , 72.499895454545454545454545456, , 484900
29/03/2022, 71.35, 72.9837, 71.09, 72.03, 43100, Up, Up, 72.9837, 72.9837, 22, 528000
30/03/2022, 71.59, 72.3958, 69.85, 70.34, 38900, Up, Up, , 72.496515, , 38900
31/03/2022, 70.16, 70.6, 67.94, 68.3, 76000, Down, Up, , 72.009330, , 114900
01/04/2022, 68.43, 69.94, 67.58, 69.73, 31600, Down, Up, , 71.522145, , 146500
02/04/2022, , , , , , Down, Up, , 71.034960, , 
03/04/2022, , , , , , Down, Up, , 70.547775, , 
04/04/2022, 68.87, 70.09, 68.78, 69.5, 24400, Down, Up, , 70.060590, , 170900
05/04/2022, 69.33, 70.65, 68.16, 68.22, 34000, Down, Up, , 69.573405, , 204900
06/04/2022, 68, 68.35, 67, 68.07, 31300, Down, Up, , 69.086220, , 236200
07/04/2022, 67.51, 68.78, 66.61, 68.63, 44800, Down, Up, , 68.599035, , 281000
08/04/2022, 67.95, 68.52, 66.04, 66.04, 30300, Down, Up, , 68.111850, , 311300
09/04/2022, , , , , , Down, Up, , 67.624665, , 
10/04/2022, , , , , , Down, Up, , 67.137480, , 
11/04/2022, 65.55, 66.83, 65.36, 66, 28800, Down, Up, , 66.650295, , 340100
12/04/2022, 66.43, 67.65, 65.5, 65.79, 22100, Down, Up, , 66.163110, , 362200
13/04/2022, 64.91, 65.74, 64.72, 65.45, 42800, Down, Up, , 65.675925, , 405000
14/04/2022, 65.83, 65.83, 64.4, 65.17, 24800, Down, Up, , 65.188740, , 429800
15/04/2022, , , , , , Down, Up, , 64.701555, , 
16/04/2022, , , , , , Down, Up, , 64.214370, , 
17/04/2022, , , , , , Down, Up, , 63.727185, , 
18/04/2022, 64.78, 65, 63.24, 63.84, 24100, Down, Up, 63.24, 63.24, 20, 453900
19/04/2022, 64.61, 65.83, 63.84, 65.57, 33800, Down, Up, , 64.33, , 33800
20/04/2022, 65.58, 66.435, 65.05, 65.78, 50100, Up, Up, , 65.42, , 83900
21/04/2022, 66.51, 66.51, 65.29, 65.56, 45300, Up, Up, 66.51, 66.51, 3, 129200
22/04/2022, 65.17, 65.17, 64.25, 64.43, 44600, Up, Up, , 65.781515151515151515151515152, , 44600
23/04/2022, , , , , , Up, Up, , 65.053030303030303030303030303, , 
24/04/2022, , , , , , Up, Up, , 64.324545454545454545454545454, , 
25/04/2022, 64.23, 65.27, 63.92, 64.79, 61400, Up, Up, , 63.596060606060606060606060606, , 106000
26/04/2022, 64.49, 64.49, 60.96, 61.02, 84200, Down, Down, , 62.867575757575757575757575758, , 190200
27/04/2022, 61.3, 61.45, 58.98, 59.64, 104700, Down, Down, , 62.139090909090909090909090909, , 294900
28/04/2022, 60.26, 61.41, 58.78, 61.16, 41100, Down, Down, , 61.410606060606060606060606060, , 336000
29/04/2022, 61.4, 61.4, 57.35, 57.62, 50800, Down, Down, , 60.682121212121212121212121212, , 386800
30/04/2022, , , , , , Down, Down, , 59.953636363636363636363636364, , 
01/05/2022, , , , , , Down, Down, , 59.225151515151515151515151515, , 
02/05/2022, 57.4, 57.84, 55.1, 57.36, 87200, Down, Down, , 58.496666666666666666666666666, , 474000
03/05/2022, 57.09, 57.67, 55.12, 55.69, 39000, Down, Down, , 57.768181818181818181818181818, , 513000
04/05/2022, 55.7, 56.865, 54.07, 56.75, 63800, Down, Down, , 57.039696969696969696969696970, , 576800
05/05/2022, 55.95, 55.95, 52.89, 54.18, 81700, Down, Down, , 56.311212121212121212121212121, , 658500
06/05/2022, 54.25, 54.25, 48.47, 50.4, 168600, Down, Down, , 55.582727272727272727272727272, , 827100
07/05/2022, , , , , , Down, Down, , 54.854242424242424242424242424, , 
08/05/2022, , , , , , Down, Down, , 54.125757575757575757575757576, , 
09/05/2022, 49.9, 51.25, 48.6663, 50.49, 59500, Down, Down, , 53.397272727272727272727272727, , 886600
10/05/2022, 50.98, 51.13, 49.38, 50.22, 54900, Down, Down, , 52.668787878787878787878787878, , 941500
11/05/2022, 49.96, 50.73, 47.46, 47.67, 80100, Down, Down, , 51.940303030303030303030303030, , 1021600
12/05/2022, 46.43, 48.74, 46.1997, 47.23, 47900, Down, Down, , 51.211818181818181818181818182, , 1069500
13/05/2022, 47.95, 49.29, 47.62, 47.83, 53300, Down, Down, , 50.483333333333333333333333333, , 1122800
14/05/2022, , , , , , Down, Down, , 49.754848484848484848484848484, , 
15/05/2022, , , , , , Down, Down, , 49.026363636363636363636363636, , 
16/05/2022, 47.5, 48.54, 46.67, 47.22, 52900, Down, Down, , 48.297878787878787878787878788, , 1175700
17/05/2022, 48.16, 49.295, 47.395, 49.16, 76200, Down, Down, , 47.569393939393939393939393939, , 1251900
18/05/2022, 48.34, 48.72, 45.43, 45.59, 45500, Down, Down, , 46.840909090909090909090909090, , 1297400
19/05/2022, 45.28, 47.5, 45.18, 47.08, 80700, Down, Down, , 46.112424242424242424242424242, , 1378100
20/05/2022, 47.3, 47.3, 44.525, 44.66, 49900, Down, Down, , 45.383939393939393939393939394, , 1428000
21/05/2022, , , , , , Down, Down, , 44.655454545454545454545454545, , 
22/05/2022, , , , , , Down, Down, , 43.926969696969696969696969696, , 
23/05/2022, 45.48, 45.785, 43.23, 43.39, 76200, Down, Down, , 43.198484848484848484848484848, , 1504200
24/05/2022, 42.98, 43.93, 42.47, 43.42, 74400, Down, Down, 42.47, 42.47, 33, 1578600
25/05/2022, 43.02, 44.91, 43.02, 44.59, 35600, Down, Down, , 43.478, , 35600
26/05/2022, 45.81, 47.36, 45.1, 46.9, 56500, Up, Down, , 44.486, , 92100
27/05/2022, 47.37, 49.17, 47.37, 48.99, 51500, Up, Down, , 45.494, , 143600
28/05/2022, , , , , , Up, Down, , 46.502, , 
29/05/2022, , , , , , Up, Down, , 47.510, , 
30/05/2022, , , , , , Up, Down, , 48.518, , 
31/05/2022, 48.65, 48.905, 48.12, 48.42, 68700, Up, Down, , 49.526, , 212300
01/06/2022, 48.64, 49.37, 47.885, 49.17, 84000, Up, Down, , 50.534, , 296300
02/06/2022, 49.22, 52.2, 49.22, 51.05, 73300, Up, Down, , 51.542, , 369600
03/06/2022, 50.53, 52.55, 49.96, 50.22, 53900, Up, Down, 52.55, 52.55, 10, 423500
04/06/2022, , , , , , Up, Down, , 51.945416666666666666666666667, , 
05/06/2022, , , , , , Up, Down, , 51.340833333333333333333333333, , 
06/06/2022, 50.43, 50.68, 49.56, 50.23, 51900, Up, Down, , 50.736250000000000000000000000, , 51900
07/06/2022, 49.67, 50.84, 49.67, 50.8, 50100, Up, Down, , 50.131666666666666666666666667, , 102000
08/06/2022, 50.22, 51.43, 49.23, 49.66, 43500, Up, Down, , 49.527083333333333333333333334, , 145500
09/06/2022, 48.7, 49.2, 48.57, 48.74, 32200, Down, Down, , 48.922500000000000000000000000, , 177700
10/06/2022, 47.96, 47.96, 46.46, 47.3, 33700, Down, Down, , 48.317916666666666666666666667, , 211400
11/06/2022, , , , , , Down, Down, , 47.713333333333333333333333334, , 
12/06/2022, , , , , , Down, Down, , 47.108750000000000000000000000, , 
13/06/2022, 45.97, 47.17, 45.71, 46.52, 102000, Down, Down, , 46.504166666666666666666666667, , 313400
14/06/2022, 46.47, 47.91, 45.55, 45.99, 111800, Down, Down, , 45.899583333333333333333333334, , 425200
15/06/2022, 46.73, 47.44, 44.9525, 46.55, 86500, Down, Down, , 45.295000000000000000000000000, , 511700
16/06/2022, 45.9, 46.09, 43.13, 43.47, 73700, Down, Down, , 44.690416666666666666666666667, , 585400
17/06/2022, 43.36, 43.47, 41.15, 41.97, 171800, Down, Down, , 44.085833333333333333333333334, , 757200
18/06/2022, , , , , , Down, Down, , 43.481250000000000000000000000, , 
19/06/2022, , , , , , Down, Down, , 42.876666666666666666666666667, , 
20/06/2022, , , , , , Down, Down, , 42.272083333333333333333333334, , 
21/06/2022, 42.39, 43.1025, 40.61, 41, 100400, Down, Down, , 41.667500000000000000000000001, , 857600
22/06/2022, 39.96, 41.3, 39.31, 39.83, 77500, Down, Down, , 41.062916666666666666666666667, , 935100
23/06/2022, 40.3, 41.1, 39.66, 40.97, 105900, Down, Down, , 40.458333333333333333333333334, , 1041000
24/06/2022, 41.02, 41.625, 39.06, 40.53, 250300, Down, Down, , 39.853750000000000000000000001, , 1291300
25/06/2022, , , , , , Down, Down, , 39.249166666666666666666666667, , 
26/06/2022, , , , , , Down, Down, , 38.644583333333333333333333334, , 
27/06/2022, 40.74, 40.81, 38.04, 39.87, 196200, Down, Down, 38.04, 38.04, 24, 1487500
28/06/2022, 40.24, 41.5, 40, 40.975, 154300, Down, Down, , 39.083, , 154300
29/06/2022, 41.3, 44.2881, 41.25, 43.81, 203900, Up, Down, , 40.126, , 358200
30/06/2022, 43.12, 45, 42.67, 44.51, 247200, Up, Down, , 41.169, , 605400
01/07/2022, 44.4, 45.48, 43.51, 44.47, 44300, Up, Down, , 42.212, , 649700
02/07/2022, , , , , , Up, Down, , 43.255, , 
03/07/2022, , , , , , Up, Down, , 44.298, , 
04/07/2022, , , , , , Up, Down, , 45.341, , 
05/07/2022, 43.87, 45.33, 43.03, 45.23, 43700, Up, Down, , 46.384, , 693400
06/07/2022, 45.54, 47.75, 45.07, 47.35, 69000, Up, Down, , 47.427, , 762400
07/07/2022, 47.57, 48.47, 45.33, 45.44, 45000, Up, Down, 48.47, 48.47, 10, 807400
08/07/2022, 45.29, 47.99, 45.18, 47.58, 69300, Up, Down, , 47.542857142857142857142857143, , 69300
09/07/2022, , , , , , Up, Down, , 46.615714285714285714285714286, , 
10/07/2022, , , , , , Up, Down, , 45.688571428571428571428571429, , 
11/07/2022, 46.93, 46.93, 45.41, 46.08, 39600, Up, Down, , 44.761428571428571428571428572, , 108900
12/07/2022, 45.84, 46.34, 45.01, 45.09, 30600, Up, Down, , 43.834285714285714285714285714, , 139500
13/07/2022, 44.36, 44.41, 43.39, 44.08, 24400, Down, Down, , 42.907142857142857142857142857, , 163900
14/07/2022, 43.27, 43.27, 41.98, 42.21, 19000, Down, Down, 41.98, 41.98, 7, 182900
15/07/2022, 43.44, 44.74, 42.75, 44.42, 37100, Down, Down, , 43.005, , 37100
16/07/2022, , , , , , Down, Down, , 44.030, , 
17/07/2022, , , , , , Down, Down, , 45.055, , 
18/07/2022, 44.75, 44.95, 43.85, 43.91, 25400, Up, Down, , 46.080, , 62500
19/07/2022, 44.93, 47.1, 44.58, 46.93, 50900, Up, Down, , 47.105, , 113400
20/07/2022, 47.19, 48.13, 47.19, 47.43, 70000, Up, Down, 48.13, 48.13, 6, 183400
21/07/2022, 46.95, 47.33, 45.52, 47.31, 31000, Up, Down, , 47.51, , 31000
22/07/2022, 47.47, 47.88, 46.9, 47.79, 38700, Up, Down, , 46.89, , 69700
23/07/2022, , , , , , Up, Down, , 46.27, , 
24/07/2022, , , , , , Up, Down, , 45.65, , 
25/07/2022, 47.66, 47.66, 46.455, 46.7, 42900, Up, Down, , 45.03, , 112600
26/07/2022, 46.7, 46.74, 44.41, 44.6, 38100, Down, Down, 44.41, 44.41, 6, 150700
27/07/2022, 44.95, 46.7, 44.8, 46.3, 32000, Down, Down, , 44.793571428571428571428571429, , 32000
28/07/2022, 46.28, 46.48, 45.31, 46.33, 22200, Down, Down, , 45.177142857142857142857142857, , 54200
29/07/2022, 45.73, 46.49, 45.52, 46.27, 22200, Down, Down, , 45.560714285714285714285714286, , 76400
30/07/2022, , , , , , Down, Down, , 45.944285714285714285714285714, , 
31/07/2022, , , , , , Down, Down, , 46.327857142857142857142857143, , 
01/08/2022, 46.07, 46.75, 45.97, 46.64, 26000, Up, Down, , 46.711428571428571428571428572, , 102400
02/08/2022, 46.74, 47.095, 45.63, 45.81, 21400, Up, Down, 47.095, 47.095, 7, 123800
03/08/2022, 45.64, 46.485, 45.33, 46.29, 18600, Down, Down, , 46.296666666666666666666666667, , 18600
04/08/2022, 46.04, 46.04, 44.76, 45.49, 23500, Down, Down, , 45.498333333333333333333333333, , 42100
05/08/2022, 44.85, 45.76, 44.7, 45.38, 31900, Down, Down, 44.7, 44.7, 3, 74000
06/08/2022, , , , , , Down, Down, , 45.456153846153846153846153846, , 
07/08/2022, , , , , , Down, Down, , 46.212307692307692307692307692, , 
08/08/2022, 45.81, 47.26, 45.81, 46.88, 63800, Down, Down, , 46.968461538461538461538461539, , 63800
09/08/2022, 47.35, 53.21, 47, 50.53, 81600, Up, Up, , 47.724615384615384615384615385, , 145400
10/08/2022, 51.72, 52.89, 50.1491, 52.78, 32300, Up, Up, , 48.480769230769230769230769231, , 177700
11/08/2022, 52.59, 53.75, 51.74, 51.89, 39700, Up, Up, , 49.236923076923076923076923077, , 217400
12/08/2022, 52.05, 52.05, 50.81, 51.51, 31300, Up, Up, , 49.993076923076923076923076923, , 248700
13/08/2022, , , , , , Up, Up, , 50.749230769230769230769230770, , 
14/08/2022, , , , , , Up, Up, , 51.505384615384615384615384616, , 
15/08/2022, 51.535, 52.265, 50.86, 52.22, 25100, Up, Up, , 52.261538461538461538461538462, , 273800
16/08/2022, 52.28, 54.09, 51.54, 53.94, 27000, Up, Up, , 53.017692307692307692307692308, , 300800
17/08/2022, 53.13, 54.3, 51.63, 54.06, 24100, Up, Up, , 53.773846153846153846153846154, , 324900
18/08/2022, 53.9, 54.53, 52.835, 53.61, 29400, Up, Up, 54.53, 54.53, 13, 354300
19/08/2022, 53.07, 53.07, 51.47, 52.47, 19100, Up, Up, , 54.110769230769230769230769231, , 19100
20/08/2022, , , , , , Up, Up, , 53.691538461538461538461538462, , 
21/08/2022, , , , , , Up, Up, , 53.272307692307692307692307692, , 
22/08/2022, 51.74, 52.31, 51.26, 51.98, 34900, Down, Up, , 52.853076923076923076923076923, , 54000
23/08/2022, 52.2, 52.2, 49.785, 49.79, 22200, Down, Up, , 52.433846153846153846153846154, , 76200
24/08/2022, 49.9, 51.53, 49.43, 50.39, 25300, Down, Up, , 52.014615384615384615384615385, , 101500
25/08/2022, 50.57, 52.03, 49.74, 51.93, 29000, Down, Up, , 51.595384615384615384615384616, , 130500
26/08/2022, 51.31, 52.19, 49.5, 49.5, 27000, Down, Up, , 51.176153846153846153846153846, , 157500
27/08/2022, , , , , , Down, Up, , 50.756923076923076923076923077, , 
28/08/2022, , , , , , Down, Up, , 50.337692307692307692307692308, , 
29/08/2022, 47.76, 50.465, 47.76, 48.17, 20700, Down, Up, , 49.918461538461538461538461539, , 178200
30/08/2022, 48.18, 48.5, 46.91, 47.49, 21066, Down, Up, , 49.499230769230769230769230770, , 199266
31/08/2022, 47.35, 47.53, 46.48, 46.99, 113600, Down, Up, , 49.080000000000000000000000000, , 312866
01/09/2022, 46.39, 46.715, 45.27, 46, 27300, Down, Up, , 48.660769230769230769230769231, , 340166
02/09/2022, 46.05, 46.05, 44.52, 44.81, 20200, Down, Down, , 48.241538461538461538461538462, , 360366
03/09/2022, , , , , , Down, Down, , 47.822307692307692307692307693, , 
04/09/2022, , , , , , Down, Down, , 47.403076923076923076923076924, , 
05/09/2022, , , , , , Down, Down, , 46.983846153846153846153846154, , 
06/09/2022, 45.29, 45.29, 44.19, 44.19, 16900, Down, Down, , 46.564615384615384615384615385, , 377266
07/09/2022, 44.11, 46.7, 43.62, 44.22, 35700, Down, Down, , 46.145384615384615384615384616, , 412966
08/09/2022, 44.43, 44.77, 43.77, 44.13, 20600, Down, Down, , 45.726153846153846153846153847, , 433566
09/09/2022, 44.49, 44.9, 44.26, 44.68, 28300, Down, Down, , 45.306923076923076923076923078, , 461866
10/09/2022, , , , , , Down, Down, , 44.887692307692307692307692308, , 
11/09/2022, , , , , , Down, Down, , 44.468461538461538461538461539, , 
12/09/2022, 44.85, 45.49, 43.91, 45.18, 16000, Down, Down, , 44.049230769230769230769230770, , 477866
13/09/2022, 44.08, 44.93, 43.03, 43.36, 34100, Down, Down, , 43.630000000000000000000000001, , 511966
14/09/2022, 43.11, 43.87, 43.02, 43.19, 26600, Down, Down, , 43.210769230769230769230769232, , 538566
15/09/2022, 42.97, 44.09, 42.07, 42.29, 29200, Down, Down, , 42.791538461538461538461538462, , 567766
16/09/2022, 41.9, 42.79, 40.05, 40.18, 46100, Down, Down, , 42.372307692307692307692307693, , 613866
17/09/2022, , , , , , Down, Down, , 41.953076923076923076923076924, , 
18/09/2022, , , , , , Down, Down, , 41.533846153846153846153846155, , 
19/09/2022, 39.97, 40.76, 39.47, 40.04, 56700, Down, Down, , 41.114615384615384615384615386, , 670566
20/09/2022, 39.32, 39.72, 39.005, 39.49, 15900, Down, Down, , 40.695384615384615384615384616, , 686466
21/09/2022, 39.49, 40.38, 39.385, 39.61, 35200, Down, Down, , 40.276153846153846153846153847, , 721666
22/09/2022, 39.54, 40.11, 38.96, 39.92, 20800, Down, Down, , 39.856923076923076923076923078, , 742466
23/09/2022, 39.23, 40, 39.09, 39.72, 26700, Down, Down, , 39.437692307692307692307692309, , 769166
24/09/2022, , , , , , Down, Down, , 39.018461538461538461538461540, , 
25/09/2022, , , , , , Down, Down, , 38.599230769230769230769230770, , 
26/09/2022, 38.18, 40.2, 38.18, 39.9, 32800, Down, Down, 38.18, 38.18, 39, 801966
27/09/2022, 40.16, 40.445, 39.3, 39.85, 40100, Down, Down, , 39.68, , 40100
28/09/2022, 39.98, 41.18, 39.87, 41, 57300, Up, Down, 41.18, 41.18, 2, 97400
29/09/2022, 40.33, 40.33, 39.17, 39.42, 31200, Up, Down, , 40.3554, , 31200
30/09/2022, 40.3, 40.3, 37.34, 37.41, 40100, Down, Down, , 39.5308, , 71300
01/10/2022, , , , , , Down, Down, , 38.7062, , 
02/10/2022, , , , , , Down, Down, , 37.8816, , 
03/10/2022, 37.46, 38.4, 37.057, 38.4, 43000, Down, Down, 37.057, 37.057, 5, 114300
04/10/2022, 38.66, 40.5, 38.66, 40.28, 46200, Down, Down, , 38.538, , 46200
05/10/2022, 40, 40.94, 39.825, 40.54, 24900, Up, Down, , 40.019, , 71100
06/10/2022, 40.55, 41.5, 40.25, 40.56, 36300, Up, Up, 41.5, 41.5, 3, 107400
07/10/2022, 40.06, 40.73, 39.73, 40.09, 48300, Up, Up, , 40.96, , 48300
08/10/2022, , , , , , Up, Up, , 40.42, , 
09/10/2022, , , , , , Up, Up, , 39.88, , 
10/10/2022, 40.23, 40.59, 39.34, 40.59, 30400, Down, Up, 39.34, 39.34, 4, 78700
11/10/2022, 40.1, 41.775, 39.89, 40.23, 66600, Down, Up, , 40.141, , 66600
12/10/2022, 39.81, 41.96, 39.81, 41.46, 44900, Down, Up, , 40.942, , 111500
13/10/2022, 40.57, 44.42, 40.57, 43.78, 58200, Down, Up, , 41.743, , 169700
14/10/2022, 43.84, 44.94, 43.33, 43.54, 46300, Up, Up, , 42.544, , 216000
15/10/2022, , , , , , Up, Up, , 43.345, , 
16/10/2022, , , , , , Up, Up, , 44.146, , 
17/10/2022, 44.46, 46.02, 44.46, 45.22, 40700, Up, Up, , 44.947, , 256700
18/10/2022, 45.92, 46.55, 45.01, 45.53, 34000, Up, Up, , 45.748, , 290700
19/10/2022, 46.38, 46.925, 45.39, 46.75, 39700, Up, Up, , 46.549, , 330400
20/10/2022, 46.69, 47.35, 44.16, 44.43, 42400, Up, Up, 47.35, 47.35, 10, 372800
21/10/2022, 44.82, 47.03, 44.38, 46.71, 31400, Up, Up, , 46.761428571428571428571428571, , 31400
22/10/2022, , , , , , Up, Up, , 46.172857142857142857142857143, , 
23/10/2022, , , , , , Up, Up, , 45.584285714285714285714285714, , 
24/10/2022, 46.49, 47.15, 45.43, 45.72, 25300, Up, Up, , 44.995714285714285714285714286, , 56700
25/10/2022, 45.59, 45.69, 44.98, 45.06, 29100, Up, Up, , 44.407142857142857142857142857, , 85800
26/10/2022, 44.88, 45.36, 43.75, 43.75, 23500, Down, Up, , 43.818571428571428571428571428, , 109300
27/10/2022, 44.09, 44.65, 43.23, 43.39, 23300, Down, Up, 43.23, 43.23, 7, 132600
28/10/2022, 43.89, 45.155, 43.57, 44.95, 37400, Down, Up, , 43.666, , 37400
29/10/2022, , , , , , Down, Up, , 44.102, , 
30/10/2022, , , , , , Down, Up, , 44.538, , 
31/10/2022, 44.53, 45.25, 44.3, 44.95, 52500, Up, Up, , 44.974, , 89900
01/11/2022, 45.25, 45.41, 44.27, 44.46, 27400, Up, Up, 45.41, 45.41, 5, 117300
02/11/2022, 44.46, 44.46, 42.04, 42.04, 35700, Down, Down, , 42.85, , 35700
03/11/2022, 41.51, 42.48, 40.94, 42.07, 25100, Down, Down, , 40.29, , 60800
04/11/2022, 42.44, 42.495, 32.51, 33.35, 119900, Down, Down, , 37.73, , 180700
05/11/2022, , , , , , Down, Down, , 35.17, , 
06/11/2022, , , , , , Down, Down, , 32.61, , 
07/11/2022, 33.6, 33.6, 30.05, 33.01, 106633, Down, Down, 30.05, 30.05, 6, 287333
08/11/2022, 32.26, 34.53, 32.0182, 33.65, 58800, Down, Down, , 31.8875, , 58800
09/11/2022, 33.65, 33.65, 32.15, 32.23, 61200, Down, Down, , 33.7250, , 120000
10/11/2022, 33.4, 35.81, 33.4, 35.63, 55400, Down, Down, , 35.5625, , 175400
11/11/2022, 35.63, 37.4, 35.49, 35.87, 36800, Up, Down, 37.4, 37.4, 4, 212200
12/11/2022, , , , , , Up, Down, , 36.5815, , 
13/11/2022, , , , , , Up, Down, , 35.7630, , 
14/11/2022, 35.6, 35.65, 33.43, 33.43, 33700, Up, Down, , 34.9445, , 33700
15/11/2022, 34.07, 35.7223, 32.565, 32.82, 33700, Up, Down, , 34.1260, , 67400
16/11/2022, 32.34, 32.34, 31.5, 31.99, 27000, Down, Down, , 33.3075, , 94400
17/11/2022, 31.7, 32.53, 31.12, 31.99, 39400, Down, Down, , 32.4890, , 133800
18/11/2022, 32.68, 33.07, 30.5501, 30.81, 30900, Down, Down, , 31.6705, , 164700
19/11/2022, , , , , , Down, Down, , 30.8520, , 
20/11/2022, , , , , , Down, Down, , 30.0335, , 
21/11/2022, 31.07, 31.07, 29.215, 30.1, 37800, Down, Down, 29.215, 29.215, 10, 202500
22/11/2022, 30.11, 31.96, 30.11, 31.67, 24700, Down, Down, , 30.27375, , 24700
23/11/2022, 30.55, 32.63, 30.54, 32.44, 22900, Up, Down, , 31.33250, , 47600
24/11/2022, , , , , , Up, Down, , 32.39125, , 
25/11/2022, 33.22, 33.45, 31.1, 31.1, 17500, Up, Down, 33.45, 33.45, 4, 65100
26/11/2022, , , , , , Up, Down, , 32.09, , 
27/11/2022, , , , , , Up, Down, , 30.73, , 
28/11/2022, 30.78, 30.92, 28.88, 29.26, 34000, Up, Down, , 29.37, , 34000
29/11/2022, 29.33, 29.87, 28.01, 28.26, 40600, Down, Down, 28.01, 28.01, 4, 74600
30/11/2022, 28.1, 31.4538, 28.1, 30.7, 102300, Down, Down, , 28.544285714285714285714285714, , 102300
01/12/2022, 30.64, 31.91, 30.63, 31.03, 44900, Up, Down, , 29.078571428571428571428571429, , 147200
02/12/2022, 30.59, 31.65, 30.39, 31.33, 22900, Up, Down, , 29.612857142857142857142857143, , 170100
03/12/2022, , , , , , Up, Down, , 30.147142857142857142857142857, , 
04/12/2022, , , , , , Up, Down, , 30.681428571428571428571428572, , 
05/12/2022, 31.17, 32.28, 30.51, 30.74, 34300, Up, Down, , 31.215714285714285714285714286, , 204400
06/12/2022, 30.61, 30.61, 29.325, 30.27, 35700, Up, Down, , 31.750000000000000000000000000, , 240100
07/12/2022, 30.15, 30.46, 29.8, 30.31, 28700, Up, Down, , 32.284285714285714285714285714, , 268800
08/12/2022, 30.41, 32.43, 30.41, 31.65, 31700, Up, Down, , 32.818571428571428571428571429, , 300500
09/12/2022, 31.41, 32.15, 30.78, 31.67, 22300, Up, Down, , 33.352857142857142857142857143, , 322800
10/12/2022, , , , , , Up, Down, , 33.887142857142857142857142857, , 
11/12/2022, , , , , , Up, Down, , 34.421428571428571428571428572, , 
12/12/2022, 31.75, 33.26, 31.75, 33.1, 130200, Up, Down, , 34.955714285714285714285714286, , 453000
13/12/2022, 34.66, 35.49, 32.43, 32.6, 31000, Up, Up, 35.49, 35.49, 14, 484000
14/12/2022, 33, 33, 31.875, 32.15, 24600, Up, Up, , 34.445, , 24600
15/12/2022, 31.75, 31.95, 31.175, 31.27, 22800, Down, Up, , 33.400, , 47400
16/12/2022, 30.77, 31.65, 30.75, 31, 43500, Down, Up, , 32.355, , 90900
17/12/2022, , , , , , Down, Up, , 31.310, , 
18/12/2022, , , , , , Down, Up, , 30.265, , 
19/12/2022, 30.55, 31.2, 29.22, 31.07, 47200, Down, Up, 29.22, 29.22, 6, 138100
20/12/2022, 31.16, 32.32, 31.16, 31.9, 31900, Down, Up, , 29.592, , 31900
21/12/2022, 32.47, 33.18, 31.78, 32.02, 35300, Up, Up, , 29.964, , 67200
22/12/2022, 31.59, 32.15, 31.19, 31.99, 44200, Up, Up, , 30.336, , 111400
23/12/2022, 31.91, 32.43, 31.72, 32.27, 25000, Up, Up, , 30.708, , 136400
24/12/2022, , , , , , Up, Up, , 31.080, , 
25/12/2022, , , , , , Up, Up, , 31.452, , 
26/12/2022, , , , , , Up, Up, , 31.824, , 
27/12/2022, 32.53, 32.53, 31.78, 32, 20200, Up, Up, , 32.196, , 156600
28/12/2022, 32.06, 32.27, 31.5, 31.74, 19719, Up, Up, , 32.568, , 176319
29/12/2022, 31.8639, 33.89, 31.8639, 33.75, 30300, Up, Up, , 32.940, , 206619
30/12/2022, 33.29, 34.66, 33.29, 33.92, 30100, Up, Up, , 33.312, , 236719
31/12/2022, , , , , , Up, Up, , 33.684, , 
01/01/2023, , , , , , Up, Up, , 34.056, , 
02/01/2023, , , , , , Up, Up, , 34.428, , 
03/01/2023, 34.52, 34.8, 32.64, 33.25, 28100, Up, Up, 34.8, 34.8, 15, 264819
04/01/2023, 33.54, 34.71, 32.935, 34.36, 34800, Up, Up, , 34.354444444444444444444444444, , 34800
05/01/2023, 34.24, 34.37, 32.02, 32.06, 42200, Up, Up, , 33.908888888888888888888888889, , 77000
06/01/2023, 32.7, 33.4, 31.61, 33.06, 49500, Down, Up, , 33.463333333333333333333333333, , 126500
07/01/2023, , , , , , Down, Up, , 33.017777777777777777777777778, , 
08/01/2023, , , , , , Down, Up, , 32.572222222222222222222222222, , 
09/01/2023, 33.15, 38, 33.15, 36.95, 87000, Down, Up, , 32.126666666666666666666666666, , 213500
10/01/2023, 36.95, 37.3, 33.87, 33.9, 67800, Down, Up, , 31.681111111111111111111111111, , 281300
11/01/2023, 33.53, 34.28, 32.125, 32.72, 33700, Down, Up, , 31.235555555555555555555555555, , 315000
12/01/2023, 32.72, 32.89, 30.79, 32.51, 49600, Down, Up, 30.79, 30.79, 9, 364600
13/01/2023, 32.5, 34.42, 32.5, 34.38, 42600, Down, Up, , 31.303333333333333333333333333, , 42600
14/01/2023, , , , , , Down, Up, , 31.816666666666666666666666667, , 
15/01/2023, , , , , , Down, Up, , 32.330000000000000000000000000, , 
16/01/2023, , , , , , Down, Up, , 32.843333333333333333333333333, , 
17/01/2023, 34.34, 35.13, 33.405, 33.7, 50200, Up, Up, , 33.356666666666666666666666666, , 92800
18/01/2023, 34.15, 34.4, 33.015, 33.66, 25900, Up, Up, , 33.870000000000000000000000000, , 118700
19/01/2023, 33.46, 34.86, 33.06, 34.78, 40500, Up, Up, , 34.383333333333333333333333333, , 159200
20/01/2023, 35.1, 35.655, 34.53, 35.03, 37700, Up, Up, , 34.896666666666666666666666666, , 196900
21/01/2023, , , , , , Up, Up, , 35.410000000000000000000000000, , 
22/01/2023, , , , , , Up, Up, , 35.923333333333333333333333333, , 
23/01/2023, 35.01, 36.34, 34.75, 36.33, 29400, Up, Up, , 36.436666666666666666666666666, , 226300
24/01/2023, 35.67, 36.95, 35.41, 35.7, 34600, Up, Up, 36.95, 36.95, 12, 260900
25/01/2023, 35.65, 35.65, 34.3801, 34.66, 26200, Up, Up, , 36.006666666666666666666666667, , 26200
26/01/2023, 34.71, 34.79, 33.56, 33.82, 22600, Down, Up, , 35.063333333333333333333333333, , 48800
27/01/2023, 33.87, 34.06, 32.4801, 33.09, 61000, Down, Up, , 34.120000000000000000000000000, , 109800
28/01/2023, , , , , , Down, Up, , 33.176666666666666666666666667, , 
29/01/2023, , , , , , Down, Up, , 32.233333333333333333333333334, , 
30/01/2023, 32.45, 33.35, 31.29, 32.29, 58100, Down, Up, 31.29, 31.29, 6, 167900
31/01/2023, 32.41, 33.96, 32.41, 33.17, 83900, Down, Up, , 32.075714285714285714285714286, , 83900
01/02/2023, 33.28, 33.59, 32.2625, 33.5, 127500, Down, Up, , 32.861428571428571428571428571, , 211400
02/02/2023, 34.11, 35.99, 33.66, 34.48, 175300, Down, Up, , 33.647142857142857142857142857, , 386700
03/02/2023, 34.15, 36.62, 34.135, 36.3, 69500, Up, Up, , 34.432857142857142857142857143, , 456200
04/02/2023, , , , , , Up, Up, , 35.218571428571428571428571428, , 
05/02/2023, , , , , , Up, Up, , 36.004285714285714285714285714, , 
06/02/2023, 35.82, 36.79, 34.24, 34.33, 63000, Up, Up, 36.79, 36.79, 7, 519200
07/02/2023, 34.1, 34.4, 32.92, 33.77, 42000, Up, Up, , 0.0, , 42000
08/02/2023, 33.23, 33.84, 33.06, 33.55, 40900, Up, Up, , 0.0, , 82900
09/02/2023, 34.27, 35.33, 32.66, 32.66, 46900, Up, Up, , 0.0, , 129800
10/02/2023, 32.62, 33.45, 31.6216, 33.32, 63000, Down, Up, , 0.0, , 192800
11/02/2023, , , , , , Down, Up, , 0.0, , 
12/02/2023, , , , , , Down, Up, , 0.0, , 
13/02/2023, 33.08, 34.75, 32.98, 33.89, 42400, Down, Up, , 0.0, , 235200
14/02/2023, 33.25, 34.44, 33.25, 33.84, 42000, Down, Up, , 0.0, , 277200
15/02/2023, 33.7, 36.13, 33.315, 35.99, 49800, Down, Up, , 0.0, , 327000
16/02/2023, 35.12, 35.66, 33.15, 33.17, 67500, Down, Up, , 0.0, , 394500
17/02/2023, 33.38, 33.38, 29.84, 30.28, 55100, Down, Down, , 0.0, , 449600
18/02/2023, , , , , , Down, Down, , 0.0, , 
19/02/2023, , , , , , Down, Down, , 0.0, , 
20/02/2023, , , , , , Down, Down, , 0.0, , 
21/02/2023, 29.81, 30.05, 28.8695, 29.59, 118400, Down, Down, , 0.0, , 568000
22/02/2023, 29.42, 29.59, 25.6, 25.64, 126800, Down, Down, , 0.0, , 694800
23/02/2023, 26.15, 26.81, 25, 25.08, 118500, Down, Down, , 0.0, , 813300
24/02/2023, 24.85, 24.85, 23.47, 24.24, 158900, Down, Down, , 0.0, , 972200
